status,duration,credit_history,purpose,amount,savings,employment_duration,installment_rate,personal_status_sex,present_residence,property,age,housing,number_credits,job,telephone,foreign_worker,credit_risk
1,18,4,2,6.956545443151569,0.6931471805599453,2,4,2,4,2,21,1,0.6931471805599453,3,1,2,1
1,8,4,0,8.131236549696116,0.6931471805599453,4,1,3,4,1,39,2,1.0986122886681098,2,1,1,1
2,24,2,3,8.231908243564177,1.3862943611198906,1,1,2,4,4,23,1,0.6931471805599453,1,1,2,1
1,30,4,1,8.730367211692958,1.0986122886681098,4,1,4,4,3,24,1,1.0986122886681098,3,1,2,1
1,6,4,3,7.579678823090456,0.6931471805599453,4,1,2,4,3,31,2,0.6931471805599453,3,1,2,1
1,18,2,3,7.5688956634069955,1.791759469228055,4,2,4,4,3,23,1,1.0986122886681098,2,1,2,1
2,18,2,3,8.075271546297458,1.3862943611198906,2,1,4,3,1,25,1,0.6931471805599453,3,1,2,1
2,36,4,3,7.757051142032013,0.6931471805599453,5,4,3,4,1,36,2,0.6931471805599453,3,1,2,1
2,36,2,5,7.776954403322442,0.6931471805599453,2,4,3,1,4,33,1,0.6931471805599453,2,1,2,0
2,12,4,4,7.261927092702751,0.6931471805599453,4,4,3,3,2,26,2,0.6931471805599453,3,1,2,1
2,11,3,3,8.470520783217808,0.6931471805599453,4,2,3,4,2,51,2,0.6931471805599453,3,1,2,1
1,12,2,2,6.481577129276431,0.6931471805599453,5,4,2,4,2,24,1,0.6931471805599453,3,1,2,1
2,9,4,3,7.051855622955894,0.6931471805599453,5,2,3,4,1,37,2,1.3862943611198906,2,1,2,1
4,15,2,0,8.176672771948455,1.791759469228055,3,3,3,2,4,29,2,0.6931471805599453,3,1,2,1
3,42,4,1,8.475746001502063,0.6931471805599453,5,4,3,4,4,56,3,0.6931471805599453,3,1,2,1
3,30,4,3,8.012349639327795,0.6931471805599453,5,4,3,4,2,47,2,0.6931471805599453,3,1,2,1
4,36,4,0,8.170751423757535,0.6931471805599453,4,4,3,4,3,37,2,1.0986122886681098,3,2,2,1
4,36,4,0,8.797095076549056,0.6931471805599453,5,4,3,4,3,34,2,1.0986122886681098,4,2,2,1
4,24,2,3,7.227662498728654,1.3862943611198906,4,4,2,1,3,28,2,0.6931471805599453,3,1,2,1
1,15,2,0,7.451241684987676,0.6931471805599453,2,2,3,3,1,36,2,0.6931471805599453,3,1,2,1
1,6,4,0,6.7580945044277305,0.6931471805599453,5,1,2,4,4,39,2,1.0986122886681098,3,2,2,1
4,12,4,3,7.5678626054638825,0.6931471805599453,5,2,3,2,4,26,2,1.0986122886681098,3,1,2,1
4,18,2,1,8.12533508671429,1.791759469228055,3,2,3,1,2,31,2,0.6931471805599453,3,2,2,1
4,24,4,1,8.260751354700513,0.6931471805599453,5,4,2,2,3,41,1,1.0986122886681098,4,2,2,1
4,12,4,5,6.904750769961838,1.791759469228055,4,4,2,4,1,23,2,1.0986122886681098,3,1,2,1
4,18,4,0,6.9363427358340495,0.6931471805599453,3,4,2,3,1,36,2,1.0986122886681098,3,1,2,1
2,18,2,6,7.122866658599083,1.791759469228055,3,4,3,4,4,61,3,0.6931471805599453,3,1,2,1
1,18,2,0,7.104144092987527,0.6931471805599453,2,4,2,3,3,23,1,0.6931471805599453,3,2,2,0
4,18,4,6,7.5310163320779155,1.0986122886681098,3,4,2,2,1,30,2,1.0986122886681098,3,1,2,0
4,24,2,0,7.29641326877392,1.0986122886681098,2,4,4,3,1,33,2,0.6931471805599453,3,2,2,1
4,12,2,0,6.46302945692067,0.6931471805599453,3,4,1,2,1,49,2,0.6931471805599453,2,1,2,1
3,36,2,3,8.273846932784508,0.6931471805599453,3,2,3,2,1,23,2,0.6931471805599453,3,2,2,1
4,9,4,0,7.110696122978827,0.6931471805599453,3,3,3,1,1,30,2,1.0986122886681098,3,1,2,1
4,12,4,3,7.412160334945205,0.6931471805599453,5,2,3,4,1,63,2,1.0986122886681098,2,2,2,1
1,15,2,3,6.960347729101308,0.6931471805599453,2,4,4,2,1,27,2,0.6931471805599453,3,1,1,1
4,21,2,3,8.058643712215618,1.791759469228055,5,4,3,3,2,41,2,0.6931471805599453,3,2,2,1
4,36,2,0,8.03268487596762,1.791759469228055,3,4,3,4,1,36,2,0.6931471805599453,3,1,2,1
4,12,4,0,7.059617628291383,1.3862943611198906,3,4,3,4,1,44,2,0.6931471805599453,3,2,2,1
4,24,2,1,7.893572073504902,0.6931471805599453,2,4,2,1,4,29,2,0.6931471805599453,4,2,2,1
4,6,4,3,7.121252453244542,1.0986122886681098,3,1,2,1,2,27,2,1.0986122886681098,3,1,2,1
4,12,2,3,8.032035314398824,0.6931471805599453,3,2,3,4,3,52,2,0.6931471805599453,3,2,2,1
4,24,2,3,7.734121303328305,0.6931471805599453,4,4,3,2,3,28,2,0.6931471805599453,3,2,2,1
2,12,2,3,7.357556200910353,0.6931471805599453,3,1,2,1,3,22,2,0.6931471805599453,3,2,2,1
4,24,3,0,7.617267813628347,0.6931471805599453,5,4,3,4,4,60,3,1.0986122886681098,3,2,2,1
2,21,4,2,7.917900586327916,1.6094379124341003,4,3,3,2,3,32,2,1.0986122886681098,3,2,2,1
4,30,2,3,7.532623618788788,1.791759469228055,5,4,3,4,3,58,2,0.6931471805599453,3,2,2,1
4,36,2,3,7.7406644019172415,1.3862943611198906,5,4,3,4,3,39,2,0.6931471805599453,3,1,2,1
3,12,2,3,8.131530710604252,1.791759469228055,5,2,3,3,3,37,2,0.6931471805599453,4,1,2,1
2,9,2,2,7.616283561580385,1.791759469228055,4,2,3,1,3,24,2,0.6931471805599453,3,2,2,1
4,21,4,1,8.09437844497296,0.6931471805599453,5,1,3,4,3,36,2,0.6931471805599453,4,2,2,1
4,24,4,0,7.57095858316901,1.6094379124341003,5,4,3,4,1,60,2,0.6931471805599453,3,2,2,1
1,21,4,0,7.3796321526095525,0.6931471805599453,5,4,4,3,3,30,2,1.0986122886681098,3,2,2,1
4,15,2,3,7.590852123688581,1.791759469228055,5,4,3,2,3,35,2,0.6931471805599453,3,1,2,1
4,24,4,0,7.612336837167746,0.6931471805599453,3,4,2,4,3,37,2,0.6931471805599453,3,2,2,1
4,36,4,3,8.114623886420098,1.791759469228055,5,4,3,2,3,51,2,0.6931471805599453,3,2,2,1
2,18,2,0,8.67709870892586,1.0986122886681098,3,2,3,2,3,30,2,1.0986122886681098,3,2,2,1
3,15,4,1,7.766840537085513,1.3862943611198906,3,2,3,2,3,36,2,0.6931471805599453,3,2,2,1
4,15,4,2,7.327123292259293,1.791759469228055,5,4,3,4,2,63,2,0.6931471805599453,3,1,2,1
4,24,4,1,7.760893195851024,0.6931471805599453,4,4,3,3,3,35,2,1.0986122886681098,3,2,2,1
4,36,3,3,8.40178233990491,0.6931471805599453,3,4,2,4,1,34,2,1.0986122886681098,3,1,2,1
1,6,4,0,6.502790045915623,1.6094379124341003,4,3,2,4,1,39,2,1.0986122886681098,2,2,2,1
2,24,3,0,7.583756300707112,1.791759469228055,3,4,2,4,3,42,1,1.0986122886681098,3,2,2,1
2,12,4,0,7.59890045687141,1.0986122886681098,2,4,3,1,3,27,2,0.6931471805599453,3,1,2,1
2,30,2,3,8.003697339094368,1.791759469228055,5,2,2,4,3,25,2,0.6931471805599453,3,1,2,1
1,9,2,3,7.21890970761906,0.6931471805599453,4,3,3,4,1,59,2,0.6931471805599453,3,1,2,1
2,18,4,2,8.758098072309089,0.6931471805599453,5,2,3,1,4,41,2,0.6931471805599453,3,2,2,1
2,12,4,3,8.181440695719374,0.6931471805599453,3,1,2,1,1,23,2,0.6931471805599453,2,1,2,1
1,9,2,2,7.667158255319148,0.6931471805599453,3,3,3,2,1,25,2,0.6931471805599453,3,1,2,1
4,24,4,2,8.236950048061455,1.6094379124341003,3,4,3,4,1,40,2,0.6931471805599453,3,2,2,1
4,18,2,3,7.295735072749282,0.6931471805599453,2,3,4,4,1,39,2,0.6931471805599453,3,2,2,1
4,12,4,6,7.607381425639791,1.791759469228055,4,4,2,2,3,61,2,0.6931471805599453,3,1,2,1
1,15,2,0,8.283999304248526,0.6931471805599453,3,3,2,2,2,29,2,0.6931471805599453,3,2,2,0
2,12,4,0,7.769378609513984,1.3862943611198906,4,3,1,3,3,36,2,0.6931471805599453,4,2,2,1
4,12,2,2,6.638567789166521,0.6931471805599453,3,4,2,1,1,26,2,0.6931471805599453,3,2,2,1
2,21,2,2,8.28828304520769,1.791759469228055,4,2,3,3,3,35,2,0.6931471805599453,3,2,2,1
2,18,2,0,8.74209519574531,0.6931471805599453,4,3,3,3,1,28,1,0.6931471805599453,2,1,2,1
2,9,4,2,7.560080465021827,0.6931471805599453,4,4,3,3,3,35,1,0.6931471805599453,3,2,2,1
4,24,2,1,7.86480400332846,1.6094379124341003,3,2,2,4,3,28,1,0.6931471805599453,3,2,2,1
4,9,4,6,6.842683282238422,1.3862943611198906,5,4,3,2,3,52,2,1.0986122886681098,3,2,2,1
4,24,2,2,8.027150106832774,1.3862943611198906,5,4,3,3,4,32,1,0.6931471805599453,3,2,2,1
2,36,2,3,8.475537516147405,0.6931471805599453,2,4,2,1,4,30,2,0.6931471805599453,4,2,2,1
2,6,2,3,7.6324011266014535,0.6931471805599453,2,4,4,3,3,30,1,0.6931471805599453,4,2,2,1
4,15,4,3,7.286191714702382,0.6931471805599453,3,4,2,2,3,43,2,0.6931471805599453,2,1,2,1
4,24,4,3,8.537779825024625,0.6931471805599453,2,3,4,3,4,47,3,1.3862943611198906,3,2,2,1
4,15,2,4,6.774223886357614,1.791759469228055,2,4,2,1,1,24,2,0.6931471805599453,3,1,2,1
4,6,2,2,7.999342952713282,1.3862943611198906,3,1,3,2,3,32,2,0.6931471805599453,3,2,2,1
4,18,2,0,7.507141079727608,0.6931471805599453,3,2,4,2,2,30,2,0.6931471805599453,4,2,2,1
3,24,2,2,7.563200592358071,0.6931471805599453,3,2,3,2,1,26,2,0.6931471805599453,3,1,2,1
4,18,2,2,7.830425617820331,0.6931471805599453,3,3,3,4,1,43,2,0.6931471805599453,3,2,2,1
3,6,2,2,7.6577552711348655,0.6931471805599453,3,2,3,2,1,41,2,0.6931471805599453,3,2,2,1
4,18,2,3,7.282073658093465,0.6931471805599453,2,3,2,1,1,26,2,0.6931471805599453,3,1,2,1
4,10,2,0,7.21890970761906,0.6931471805599453,3,2,2,4,3,64,2,0.6931471805599453,3,2,2,1
4,6,2,2,7.342131730584722,1.6094379124341003,3,4,1,2,1,33,2,0.6931471805599453,3,1,2,1
2,12,2,0,7.1846291527173145,1.6094379124341003,5,4,3,4,1,54,2,0.6931471805599453,3,2,2,1
3,24,4,3,8.054840221101024,1.791759469228055,3,3,3,2,3,31,2,1.0986122886681098,3,2,2,1
4,36,2,3,8.252185436003328,1.791759469228055,5,2,2,4,1,45,2,0.6931471805599453,2,2,2,1
4,9,2,6,8.251403065380556,1.791759469228055,5,1,3,4,1,64,2,0.6931471805599453,2,1,2,1
2,24,2,3,8.53405030848266,1.791759469228055,5,2,2,4,3,42,2,0.6931471805599453,3,2,2,1
4,9,4,2,7.786136437783072,0.6931471805599453,1,2,3,3,3,31,2,0.6931471805599453,4,1,2,1
4,36,2,3,7.781138509845015,1.791759469228055,3,4,2,4,3,25,2,0.6931471805599453,3,1,2,1
4,21,2,1,7.814803429489359,1.791759469228055,5,4,3,4,1,46,2,0.6931471805599453,4,2,2,1
1,12,2,2,7.141245122350491,1.791759469228055,5,2,1,4,2,49,2,0.6931471805599453,2,2,2,1
2,24,4,3,7.463936604468925,0.6931471805599453,5,4,3,2,2,48,2,1.0986122886681098,2,1,2,1
3,12,1,3,6.016157159698354,1.6094379124341003,3,3,2,3,1,42,1,1.0986122886681098,3,1,2,1
2,12,2,3,7.055312843339752,1.3862943611198906,3,3,1,1,3,26,2,0.6931471805599453,3,2,2,1
4,24,4,3,7.895436006942965,0.6931471805599453,3,4,3,2,1,35,2,1.0986122886681098,2,1,2,1
2,12,4,2,8.193676665955241,0.6931471805599453,5,1,3,4,3,28,1,1.3862943611198906,3,2,2,1
4,12,4,3,7.163946684342547,0.6931471805599453,3,4,2,2,2,35,2,1.0986122886681098,3,1,2,1
4,24,2,2,8.287276755814599,0.6931471805599453,4,2,2,4,2,25,1,0.6931471805599453,3,2,2,1
4,15,4,2,8.114922974204593,0.6931471805599453,3,4,3,2,4,28,3,0.6931471805599453,3,2,2,1
3,15,2,6,5.973809611869261,0.6931471805599453,2,4,2,4,2,23,1,0.6931471805599453,3,2,2,1
4,9,4,0,7.666221925662725,0.6931471805599453,3,4,3,4,3,48,2,1.3862943611198906,3,2,2,1
4,30,4,3,8.660773919893762,0.6931471805599453,4,4,2,2,3,25,2,1.0986122886681098,3,1,2,1
4,6,4,3,7.232010331664759,0.6931471805599453,3,1,2,1,3,28,2,1.0986122886681098,3,2,2,1
3,36,2,3,8.674025985443025,0.6931471805599453,3,4,3,1,3,24,2,0.6931471805599453,3,1,2,1
1,12,2,0,7.113956109566034,0.6931471805599453,3,4,2,2,1,24,2,0.6931471805599453,2,1,2,0
3,12,2,3,7.168579897264035,0.6931471805599453,3,3,4,4,1,23,1,0.6931471805599453,3,1,2,1
4,24,2,3,8.082093278178382,1.3862943611198906,5,3,1,2,3,36,2,0.6931471805599453,4,2,2,1
2,12,4,1,7.498315870766981,1.0986122886681098,2,3,3,4,2,44,2,0.6931471805599453,3,1,2,1
4,9,2,4,7.1204443723924875,0.6931471805599453,2,1,2,4,1,23,1,0.6931471805599453,3,2,2,1
4,18,4,0,6.962243464266207,0.6931471805599453,2,4,2,1,2,30,2,1.0986122886681098,3,1,2,1
4,30,4,3,7.94873845481361,0.6931471805599453,3,4,2,2,3,33,2,0.6931471805599453,3,2,2,1
4,12,2,0,7.779466967458324,1.791759469228055,5,4,3,3,3,50,2,0.6931471805599453,3,2,2,1
4,24,2,3,7.550661243105336,1.0986122886681098,3,4,3,4,3,29,1,0.6931471805599453,4,2,2,1
2,36,2,6,8.21932609390609,1.791759469228055,3,2,4,2,3,27,2,0.6931471805599453,3,1,2,1
4,24,2,0,7.721348612617949,1.791759469228055,2,4,3,1,2,54,2,0.6931471805599453,3,1,2,1
4,12,2,3,7.141245122350491,0.6931471805599453,3,3,3,2,3,25,2,0.6931471805599453,3,1,2,1
4,18,4,2,7.505492274737424,0.6931471805599453,3,4,2,2,4,28,2,1.0986122886681098,3,1,2,1
4,12,2,3,7.669495251007694,1.0986122886681098,4,3,3,1,4,35,2,0.6931471805599453,3,1,2,1
2,15,2,3,7.275864600546533,1.791759469228055,2,4,3,1,2,23,2,0.6931471805599453,3,1,2,1
2,9,2,0,7.346010209913293,1.791759469228055,2,4,3,2,1,35,2,0.6931471805599453,1,1,2,1
4,10,2,1,7.973155433444133,1.791759469228055,2,1,2,4,1,31,1,0.6931471805599453,3,1,2,1
3,6,2,0,6.565264970035361,1.6094379124341003,2,2,4,2,1,27,2,0.6931471805599453,1,1,1,1
4,24,3,1,8.451053388911692,0.6931471805599453,4,3,3,3,3,35,2,1.0986122886681098,2,2,2,1
1,18,2,2,7.886081401775745,1.6094379124341003,3,4,3,2,3,28,2,0.6931471805599453,3,1,2,1
4,24,4,3,7.324489979348532,1.6094379124341003,3,4,2,1,1,43,2,1.0986122886681098,2,1,2,1
4,14,3,0,6.688354713946762,0.6931471805599453,3,4,3,2,3,27,2,1.0986122886681098,2,1,2,1
4,24,2,3,7.153833801578843,0.6931471805599453,5,4,3,1,1,36,2,0.6931471805599453,4,2,2,1
4,6,0,3,6.056784013228625,0.6931471805599453,5,4,4,4,3,39,2,0.6931471805599453,2,1,2,1
1,30,2,1,8.257904193465674,0.6931471805599453,3,4,1,4,2,40,2,0.6931471805599453,4,2,2,1
1,24,2,3,7.38025578842646,0.6931471805599453,5,4,2,4,3,55,2,0.6931471805599453,3,1,2,1
4,21,2,2,7.715123603632105,0.6931471805599453,5,4,3,2,1,50,2,1.0986122886681098,3,1,2,1
4,39,2,1,7.851661177889265,1.3862943611198906,3,4,3,4,3,24,2,0.6931471805599453,3,1,2,1
4,15,4,3,7.183111701743281,1.3862943611198906,3,2,4,2,2,47,2,1.0986122886681098,2,1,2,1
4,24,2,1,8.157370441186774,1.0986122886681098,4,3,2,4,3,23,2,0.6931471805599453,3,1,2,1
4,18,4,3,7.496097345175956,0.6931471805599453,3,4,3,2,3,24,2,1.0986122886681098,3,1,2,1
4,24,3,2,8.331345424845724,1.0986122886681098,3,2,3,3,2,35,2,1.0986122886681098,3,1,2,1
2,15,2,5,7.875499292445208,1.0986122886681098,3,3,2,2,1,25,2,0.6931471805599453,2,1,2,1
4,21,2,1,8.5657928612523,1.791759469228055,3,1,3,3,3,26,2,0.6931471805599453,3,1,2,1
4,12,2,3,6.690842277418564,0.6931471805599453,5,4,3,4,3,38,2,0.6931471805599453,3,1,2,1
4,36,2,3,8.18757739559151,0.6931471805599453,5,4,3,2,3,28,2,0.6931471805599453,3,1,2,1
4,36,4,1,8.65032450401942,1.6094379124341003,5,4,3,2,3,38,2,1.0986122886681098,4,2,2,1
1,15,3,2,8.200837258379849,0.6931471805599453,5,1,2,4,2,27,2,1.0986122886681098,2,1,2,1
4,10,4,2,7.671826797878781,0.6931471805599453,2,1,2,3,1,23,1,1.0986122886681098,3,1,2,1
1,10,2,3,7.7475968386928855,0.6931471805599453,5,3,3,4,1,52,2,0.6931471805599453,2,1,2,1
4,11,4,0,7.2399325913204695,0.6931471805599453,2,4,2,4,3,35,2,1.0986122886681098,4,1,2,1
3,10,2,2,7.151485463904735,0.6931471805599453,2,4,2,2,2,23,2,0.6931471805599453,3,1,2,1
4,9,2,2,7.1808311990445555,0.6931471805599453,5,1,3,4,3,20,2,0.6931471805599453,3,1,2,1
4,22,2,3,7.892078421248119,1.3862943611198906,5,3,3,4,3,40,2,0.6931471805599453,3,1,2,1
4,36,2,0,6.813444599510896,1.3862943611198906,5,4,3,4,2,36,2,0.6931471805599453,3,1,2,1
4,12,4,2,7.138073034044347,0.6931471805599453,2,2,2,4,2,22,1,1.0986122886681098,2,1,2,1
4,6,2,1,7.1204443723924875,1.3862943611198906,3,2,3,4,2,50,1,0.6931471805599453,3,1,2,1
4,6,2,5,6.493753839851686,1.3862943611198906,4,2,4,4,1,23,1,0.6931471805599453,2,1,2,1
4,24,2,2,7.950149887652018,1.3862943611198906,5,3,3,4,2,53,2,0.6931471805599453,3,1,2,1
4,24,2,1,7.890208213109961,0.6931471805599453,5,4,3,4,3,35,2,0.6931471805599453,4,2,2,1
1,24,2,3,8.205491613120236,0.6931471805599453,3,2,2,4,3,28,2,0.6931471805599453,3,1,2,1
3,9,2,3,7.027314514039777,1.0986122886681098,5,2,1,4,1,49,2,0.6931471805599453,3,1,2,1
3,12,2,2,7.719573989259581,0.6931471805599453,3,1,2,2,3,46,2,0.6931471805599453,2,1,2,1
4,12,2,1,8.450198322591959,1.791759469228055,2,1,2,4,3,20,1,0.6931471805599453,3,1,2,1
2,21,3,0,7.763871287820222,0.6931471805599453,3,1,1,4,2,47,2,1.0986122886681098,3,1,2,1
4,6,2,0,6.511745329644728,0.6931471805599453,1,1,2,4,1,54,2,0.6931471805599453,1,2,2,1
1,6,4,3,5.82600010738045,1.3862943611198906,5,4,3,4,3,52,2,1.0986122886681098,3,1,2,1
4,9,2,0,7.827240901752812,1.3862943611198906,5,2,3,4,4,51,3,0.6931471805599453,2,1,2,1
4,15,2,2,7.706162970199576,1.3862943611198906,3,2,2,4,3,20,1,0.6931471805599453,3,1,2,1
4,15,3,2,6.8679744089702925,1.6094379124341003,4,3,2,2,2,30,2,1.0986122886681098,3,1,2,1
4,9,2,2,7.741533589281828,1.0986122886681098,2,2,2,4,2,22,1,0.6931471805599453,3,1,2,1
2,12,2,2,6.891625897052253,1.6094379124341003,2,1,2,4,1,19,1,0.6931471805599453,2,1,2,1
4,18,3,3,7.749753406274437,0.6931471805599453,1,2,4,3,1,34,2,1.0986122886681098,3,1,2,1
3,24,2,2,8.229511118964457,0.6931471805599453,2,2,2,4,3,26,2,0.6931471805599453,3,1,2,1
3,9,2,3,6.61472560020376,0.6931471805599453,3,3,2,2,1,28,2,0.6931471805599453,2,1,2,0
4,24,2,0,7.293017679772782,1.0986122886681098,5,4,4,4,1,41,1,0.6931471805599453,2,1,2,1
1,21,2,3,7.865955413933502,0.6931471805599453,2,4,2,4,2,28,1,0.6931471805599453,4,2,2,1
2,24,2,0,7.091742115095153,0.6931471805599453,2,4,3,1,2,26,2,0.6931471805599453,3,1,2,1
3,12,2,3,8.012018239159062,0.6931471805599453,3,3,4,1,3,24,2,0.6931471805599453,3,1,2,1
4,15,4,3,7.215975002651466,0.6931471805599453,3,4,3,2,2,31,2,1.0986122886681098,3,1,2,1
4,24,4,0,7.160845906664299,1.6094379124341003,5,4,2,4,1,37,2,1.0986122886681098,3,2,2,1
4,10,2,0,7.257707677160043,1.0986122886681098,3,3,3,2,1,35,1,0.6931471805599453,2,1,1,1
4,18,2,0,7.887208585813932,1.791759469228055,4,4,3,3,2,32,2,0.6931471805599453,3,1,1,1
4,18,4,3,8.711278615130434,0.6931471805599453,5,3,3,4,3,33,2,1.0986122886681098,3,2,2,1
4,24,4,6,7.564238475170491,1.791759469228055,3,3,2,2,3,33,2,1.0986122886681098,3,2,2,1
4,18,4,3,7.785305182539862,0.6931471805599453,3,2,2,2,3,26,2,1.0986122886681098,3,1,2,1
4,6,4,3,7.349230824613334,0.6931471805599453,4,1,2,2,3,24,1,1.0986122886681098,3,2,2,1
4,22,2,0,7.157735484249907,1.791759469228055,4,4,2,4,2,25,1,0.6931471805599453,3,1,2,1
4,24,3,0,6.576469569048224,1.791759469228055,5,4,4,4,3,54,2,1.0986122886681098,3,2,2,1
4,12,2,1,7.254177846456518,1.6094379124341003,4,3,3,2,2,55,2,0.6931471805599453,3,1,1,1
4,18,4,1,8.080237416216702,1.791759469228055,1,2,3,4,4,38,2,0.6931471805599453,4,2,2,1
4,12,4,0,6.52649485957079,1.0986122886681098,4,4,2,3,3,51,2,1.0986122886681098,3,2,2,1
4,10,2,3,7.562681246721884,0.6931471805599453,3,1,3,4,2,38,2,0.6931471805599453,3,2,1,1
4,10,2,6,6.590301048196686,1.3862943611198906,5,4,3,4,4,46,3,0.6931471805599453,3,2,2,1
3,10,4,0,6.661854740545311,0.6931471805599453,5,4,3,4,4,63,3,1.0986122886681098,3,2,2,1
1,12,4,0,7.660114319173928,0.6931471805599453,3,4,3,2,2,30,2,1.0986122886681098,3,1,2,1
4,12,4,6,6.553933404025811,0.6931471805599453,3,4,3,2,3,32,2,1.0986122886681098,3,1,2,1
4,10,4,2,7.635303886259415,1.791759469228055,3,2,4,1,3,26,2,1.0986122886681098,3,1,1,1
3,18,2,0,7.581719640125308,0.6931471805599453,5,3,2,2,3,23,2,0.6931471805599453,4,1,2,1
4,15,4,0,8.526351129201004,1.791759469228055,5,1,2,4,3,59,2,0.6931471805599453,3,2,2,1
4,12,4,0,7.135687347028144,0.6931471805599453,5,4,3,4,1,61,2,1.0986122886681098,2,1,2,1
1,12,2,2,7.527793987721444,0.6931471805599453,2,4,2,1,3,22,1,0.6931471805599453,3,1,2,1
4,6,4,2,7.108244139731541,1.791759469228055,3,1,4,2,2,27,2,1.0986122886681098,3,1,2,1
4,9,2,2,7.236339342754344,0.6931471805599453,3,4,2,2,1,26,1,0.6931471805599453,3,1,2,1
4,12,2,3,7.731930721948486,1.791759469228055,3,4,3,4,4,37,3,0.6931471805599453,3,2,2,1
4,12,0,2,7.9229859587111955,0.6931471805599453,5,2,3,4,2,34,2,1.0986122886681098,3,1,2,1
3,24,2,3,7.138073034044347,1.3862943611198906,3,3,2,3,3,57,2,0.6931471805599453,2,1,2,1
1,15,2,0,7.247080584585756,0.6931471805599453,3,2,2,4,3,28,1,0.6931471805599453,3,1,2,1
1,24,2,2,8.013674142832684,0.6931471805599453,3,2,1,2,1,24,1,0.6931471805599453,2,1,2,1
4,24,4,3,7.8551570058813445,1.6094379124341003,5,2,3,2,3,34,2,0.6931471805599453,3,1,2,1
1,6,2,4,5.840641657373398,0.6931471805599453,2,4,2,1,1,27,2,0.6931471805599453,3,1,2,1
4,21,3,2,7.3727463664043285,1.0986122886681098,4,4,3,3,1,34,2,1.0986122886681098,4,1,2,1
1,27,2,3,8.136518252115291,0.6931471805599453,3,3,3,2,3,27,2,0.6931471805599453,4,1,2,1
1,12,0,5,7.011213987350367,0.6931471805599453,4,4,3,3,1,28,2,1.0986122886681098,3,1,2,0
2,27,3,1,8.693831965074693,0.6931471805599453,5,1,3,2,3,30,2,1.0986122886681098,4,2,2,1
4,30,4,3,8.816260208734581,1.791759469228055,4,2,3,3,2,36,2,1.0986122886681098,3,1,2,1
1,18,2,2,8.202756381655638,0.6931471805599453,2,1,2,4,3,22,1,0.6931471805599453,3,1,2,1
1,21,2,2,8.1886891244442,0.6931471805599453,4,1,2,4,3,26,1,0.6931471805599453,2,1,2,1
2,9,2,0,5.6240175061873385,0.6931471805599453,3,4,4,4,1,22,1,0.6931471805599453,2,1,2,1
4,42,4,2,8.304494897963567,1.3862943611198906,3,4,3,4,1,36,2,1.0986122886681098,3,2,2,1
2,9,2,3,6.129050210060545,0.6931471805599453,3,4,3,3,1,24,2,0.6931471805599453,3,1,2,1
2,9,2,2,6.823286122355687,0.6931471805599453,3,4,2,1,2,30,2,0.6931471805599453,3,1,2,0
3,10,2,4,7.111512116496157,0.6931471805599453,3,2,3,2,3,37,2,0.6931471805599453,3,2,2,1
1,24,2,1,7.9420068084898565,1.791759469228055,5,2,2,4,1,26,1,0.6931471805599453,3,1,2,1
4,15,2,1,8.016317898503415,0.6931471805599453,4,2,3,2,3,33,2,0.6931471805599453,3,1,2,1
3,6,4,6,6.954638864880987,0.6931471805599453,3,2,2,4,2,50,2,0.6931471805599453,2,1,2,1
4,15,4,3,7.294377299288821,0.6931471805599453,3,4,3,4,4,35,3,1.0986122886681098,3,2,2,1
2,9,2,3,7.095893221097532,0.6931471805599453,5,4,2,4,1,25,2,0.6931471805599453,3,1,2,1
2,24,3,3,8.764678074116606,0.6931471805599453,2,1,3,2,3,33,2,0.6931471805599453,3,1,2,1
4,12,3,1,7.315883504509785,0.6931471805599453,3,4,4,4,1,41,1,0.6931471805599453,3,1,2,1
2,12,2,0,8.712595487748722,0.6931471805599453,4,2,3,2,3,32,2,0.6931471805599453,3,1,2,1
1,6,2,1,7.210079628170788,1.3862943611198906,1,1,2,2,2,23,1,0.6931471805599453,1,2,2,1
4,24,2,3,8.065265208897733,0.6931471805599453,2,4,2,4,2,26,2,0.6931471805599453,3,2,2,1
4,18,2,3,8.432724034789787,0.6931471805599453,2,3,3,2,3,32,2,0.6931471805599453,3,2,2,1
4,15,2,1,8.446341450444287,0.6931471805599453,3,3,3,2,3,30,2,0.6931471805599453,3,2,2,1
4,13,2,3,7.251344983372214,1.0986122886681098,1,2,2,4,1,64,2,0.6931471805599453,3,1,2,1
4,12,4,3,6.884486652042782,1.791759469228055,5,4,3,4,3,35,2,1.0986122886681098,3,1,2,1
4,28,4,3,7.917171988845776,0.6931471805599453,5,4,3,2,3,29,2,1.0986122886681098,3,1,2,1
4,11,4,3,7.051855622955894,1.0986122886681098,1,4,2,4,1,57,2,1.3862943611198906,2,1,2,1
4,24,4,1,8.666474894131992,1.6094379124341003,3,4,3,2,1,27,2,1.0986122886681098,3,1,2,1
4,18,4,3,7.064759027791802,1.791759469228055,3,4,3,3,2,29,2,1.0986122886681098,3,2,2,1
4,12,2,3,6.655440350367647,0.6931471805599453,3,4,4,2,1,28,2,0.6931471805599453,3,1,2,1
2,11,4,0,7.187657164114956,1.6094379124341003,3,4,2,4,3,40,2,1.0986122886681098,3,1,2,1
4,12,2,0,7.665753431861699,1.791759469228055,5,4,2,4,4,52,3,0.6931471805599453,4,2,2,1
4,15,4,3,7.512071245835466,0.6931471805599453,5,4,3,4,3,46,2,1.0986122886681098,3,2,2,1
4,12,4,3,6.576469569048224,0.6931471805599453,5,4,3,4,1,52,2,1.3862943611198906,3,1,2,1
2,9,4,6,7.31455283232408,0.6931471805599453,5,2,2,3,3,34,2,1.0986122886681098,4,2,2,0
2,9,2,0,8.069655306886165,1.791759469228055,3,1,2,2,1,33,2,0.6931471805599453,2,1,2,1
4,30,4,3,8.418697944667139,0.6931471805599453,4,4,2,4,3,26,1,0.6931471805599453,4,2,2,1
4,7,3,3,6.741700694652055,1.791759469228055,5,3,3,4,4,36,3,0.6931471805599453,3,1,2,1
4,15,4,6,7.334981878871814,1.0986122886681098,3,4,2,3,3,31,2,0.6931471805599453,3,1,2,1
4,6,3,3,6.841615476477592,0.6931471805599453,3,3,2,2,1,24,2,0.6931471805599453,3,1,2,1
4,21,4,2,7.735870319952567,0.6931471805599453,2,4,2,4,2,23,2,0.6931471805599453,3,2,2,1
4,15,2,3,7.234898420314831,1.791759469228055,3,4,4,2,1,40,1,0.6931471805599453,3,2,2,1
4,12,4,3,6.428105272684596,0.6931471805599453,5,4,3,4,1,56,2,0.6931471805599453,3,1,2,1
4,12,2,2,7.362010551259734,0.6931471805599453,3,4,3,2,1,50,2,0.6931471805599453,3,1,2,1
4,6,4,3,6.55250788703459,1.791759469228055,5,4,3,4,4,36,3,1.0986122886681098,3,1,2,1
4,12,2,3,6.787844982309579,1.791759469228055,3,4,2,2,3,21,2,0.6931471805599453,3,1,2,1
4,36,2,1,8.452547997922705,0.6931471805599453,3,2,3,2,4,32,3,0.6931471805599453,4,2,2,1
1,20,2,2,7.70210434005105,1.791759469228055,4,4,3,4,3,39,2,0.6931471805599453,3,2,2,1
2,24,4,6,8.65591111072806,0.6931471805599453,2,2,2,4,4,24,3,1.0986122886681098,3,2,2,1
1,14,2,0,8.287528423111763,0.6931471805599453,1,1,3,4,4,22,3,0.6931471805599453,3,1,2,1
4,12,2,1,7.802209316247118,1.791759469228055,2,2,4,4,3,26,1,0.6931471805599453,3,2,2,1
2,20,2,1,8.774776816043985,1.791759469228055,1,1,1,4,1,60,2,0.6931471805599453,4,2,2,1
4,15,2,1,8.246171559857563,1.0986122886681098,2,1,2,4,3,23,2,0.6931471805599453,3,2,2,1
1,28,2,0,8.295798110636145,0.6931471805599453,3,3,3,2,3,45,2,0.6931471805599453,2,1,2,0
3,12,2,2,7.261927092702751,1.791759469228055,5,3,2,4,1,55,2,0.6931471805599453,4,2,2,1
2,12,2,1,7.615298339825815,1.791759469228055,3,4,3,2,3,30,2,0.6931471805599453,3,1,2,1
4,15,2,0,8.580167990577626,1.3862943611198906,5,1,2,4,4,35,3,0.6931471805599453,3,1,2,1
2,36,2,3,7.751045117971802,0.6931471805599453,4,4,3,4,3,24,1,0.6931471805599453,3,1,2,1
4,24,2,3,6.907755278982137,1.791759469228055,5,4,3,2,3,25,2,1.0986122886681098,3,1,2,1
3,36,2,3,8.406038142050075,0.6931471805599453,5,4,3,2,3,31,2,0.6931471805599453,3,1,2,1
4,24,2,3,8.041091003708633,1.791759469228055,2,4,3,2,3,25,2,1.0986122886681098,3,1,2,1
2,18,2,2,8.007034012193408,0.6931471805599453,4,2,2,4,1,40,1,0.6931471805599453,3,1,2,1
4,12,4,2,8.665957964681349,1.791759469228055,5,2,3,4,2,49,1,0.6931471805599453,3,2,1,1
4,12,4,2,7.373374309910049,1.6094379124341003,4,3,2,2,2,35,2,0.6931471805599453,3,1,2,1
4,18,4,2,8.237743803890933,0.6931471805599453,2,3,1,2,3,35,2,1.0986122886681098,4,2,2,1
2,18,4,2,8.19229373114764,0.6931471805599453,5,3,2,4,2,37,2,0.6931471805599453,3,2,1,1
4,18,2,3,7.62657020629066,0.6931471805599453,2,4,3,1,1,33,2,0.6931471805599453,3,1,2,1
1,12,4,1,7.251344983372214,0.6931471805599453,5,4,3,3,1,54,2,0.6931471805599453,3,1,2,1
4,24,2,3,7.179307969504034,1.0986122886681098,4,4,4,3,2,26,2,0.6931471805599453,3,2,2,1
4,6,2,3,7.653969180478774,0.6931471805599453,4,2,4,2,1,29,1,0.6931471805599453,3,1,2,1
4,24,4,1,8.304742269640771,1.791759469228055,4,3,3,4,2,43,2,1.0986122886681098,3,2,2,1
4,12,4,0,6.831953565565855,0.6931471805599453,1,1,2,2,2,38,2,0.6931471805599453,1,1,2,1
1,12,2,3,7.427144133408616,1.3862943611198906,5,3,4,1,1,35,2,0.6931471805599453,3,1,2,1
4,24,2,0,7.1308988302963465,0.6931471805599453,2,4,4,2,1,28,2,0.6931471805599453,3,1,2,1
4,24,4,0,7.80954132465341,1.0986122886681098,4,4,4,3,2,27,2,1.0986122886681098,3,2,2,1
4,24,4,5,7.629975707027789,0.6931471805599453,3,4,1,2,1,33,2,1.0986122886681098,3,2,2,1
4,6,4,3,7.462214939768189,0.6931471805599453,5,2,4,2,1,30,1,1.0986122886681098,3,1,2,1
4,12,4,3,7.123672785204607,1.791759469228055,5,4,2,2,1,38,2,1.0986122886681098,3,2,2,1
4,24,4,2,8.546946149565585,0.6931471805599453,5,4,3,4,3,33,2,0.6931471805599453,3,2,2,1
1,6,2,0,7.093404625868766,1.0986122886681098,5,3,3,2,2,43,2,0.6931471805599453,3,2,2,1
4,6,4,0,7.640603826393634,1.3862943611198906,3,1,4,2,3,24,2,0.6931471805599453,3,1,2,1
4,6,2,6,7.338888133838879,0.6931471805599453,2,1,2,2,4,56,2,0.6931471805599453,3,1,2,1
2,24,4,0,8.263332667439967,1.0986122886681098,2,4,1,2,3,37,2,0.6931471805599453,3,2,2,1
2,30,2,2,8.251403065380556,0.6931471805599453,2,2,4,1,2,22,2,0.6931471805599453,3,1,2,1
4,15,2,0,8.066835314417336,1.6094379124341003,4,2,2,3,3,20,1,0.6931471805599453,3,1,2,1
2,24,2,3,7.9714309977693505,1.0986122886681098,2,2,3,1,3,29,2,0.6931471805599453,3,1,2,1
4,24,2,3,8.690137586397595,1.791759469228055,2,1,2,1,3,44,2,1.0986122886681098,3,2,2,0
4,36,2,2,8.116715624819111,0.6931471805599453,3,4,2,2,3,28,2,0.6931471805599453,4,2,2,0
4,6,2,3,6.251903883165888,0.6931471805599453,3,3,2,1,1,29,2,0.6931471805599453,3,1,2,1
4,18,2,3,7.027314514039777,1.791759469228055,2,4,2,2,1,21,1,0.6931471805599453,3,2,2,1
2,12,4,1,7.528869256642251,0.6931471805599453,1,4,3,2,3,34,2,1.0986122886681098,4,2,2,1
1,12,2,3,6.553933404025811,0.6931471805599453,3,4,4,2,1,40,2,0.6931471805599453,2,1,2,1
2,12,2,3,7.983098940710892,0.6931471805599453,4,2,2,1,1,27,2,0.6931471805599453,3,1,2,1
4,18,2,3,7.317212408359839,0.6931471805599453,3,4,3,2,4,32,3,0.6931471805599453,4,2,2,1
4,18,4,3,7.713784616598755,0.6931471805599453,3,2,2,1,3,25,2,1.0986122886681098,3,1,2,1
3,12,2,3,7.540090320145325,0.6931471805599453,3,2,2,2,3,44,1,0.6931471805599453,2,2,2,1
1,18,4,3,7.53955882930103,0.6931471805599453,4,4,4,1,2,32,2,1.0986122886681098,4,2,2,1
2,24,2,3,7.584773077612199,0.6931471805599453,5,4,2,4,3,20,2,0.6931471805599453,3,2,2,1
4,7,4,3,6.594413459749778,1.791759469228055,5,4,3,2,2,46,1,1.0986122886681098,2,2,2,1
2,9,2,3,7.421177528595393,0.6931471805599453,2,4,2,2,3,22,2,0.6931471805599453,3,2,2,0
2,12,2,2,7.56164174558878,0.6931471805599453,3,4,3,2,2,37,2,0.6931471805599453,2,1,2,0
2,18,4,2,7.16703787691222,0.6931471805599453,2,4,2,1,2,27,2,1.0986122886681098,3,1,2,1
2,30,2,3,7.447751280047908,1.791759469228055,3,4,2,1,3,26,2,0.6931471805599453,3,1,2,1
3,10,4,3,7.206377291472252,1.791759469228055,4,4,3,2,2,27,2,1.0986122886681098,3,2,2,1
2,12,2,0,6.915723448631314,1.6094379124341003,3,4,4,1,1,22,2,0.6931471805599453,3,1,2,1
4,12,4,2,7.246368080102461,1.3862943611198906,4,3,2,4,3,37,1,0.6931471805599453,3,2,2,1
4,12,2,0,7.004881989712859,0.6931471805599453,3,3,4,2,1,27,2,1.0986122886681098,3,2,2,1
2,11,2,2,7.363913501405819,1.6094379124341003,2,4,2,1,1,20,2,0.6931471805599453,3,1,2,1
4,24,2,1,8.600430789986293,1.791759469228055,1,2,2,4,2,26,1,0.6931471805599453,4,2,2,1
4,20,4,0,8.156510226079966,1.791759469228055,2,2,1,4,1,44,2,1.0986122886681098,3,2,2,1
4,18,4,1,8.25608813381491,0.6931471805599453,4,3,3,1,3,27,2,1.0986122886681098,3,1,2,1
3,24,2,3,7.228388451573604,1.0986122886681098,5,4,2,2,4,47,3,0.6931471805599453,3,2,2,1
2,24,3,3,7.348587530927593,1.0986122886681098,4,3,2,2,2,23,1,1.0986122886681098,3,2,2,1
4,6,4,0,5.8944028342648505,1.0986122886681098,3,4,2,4,3,52,2,1.0986122886681098,2,1,2,1
4,12,4,2,7.568379267836522,0.6931471805599453,5,4,3,4,1,43,2,1.3862943611198906,3,2,2,1
3,12,2,0,7.193685818395112,0.6931471805599453,2,4,3,1,1,26,2,0.6931471805599453,3,1,2,1
1,33,4,2,8.362175469149628,1.3862943611198906,3,1,2,4,3,23,2,1.0986122886681098,3,1,2,0
1,24,2,2,7.7664168980196555,1.0986122886681098,1,1,1,1,2,33,2,0.6931471805599453,3,1,2,0
4,24,2,3,8.19478163844336,1.0986122886681098,5,2,3,4,3,31,2,1.0986122886681098,3,1,2,0
1,12,2,4,6.60934924316738,1.0986122886681098,1,4,2,3,2,22,2,0.6931471805599453,3,1,2,0
1,24,2,1,7.976251943745623,0.6931471805599453,4,2,3,1,4,34,3,0.6931471805599453,4,2,2,1
1,18,4,0,8.57602797713713,0.6931471805599453,5,2,3,4,4,36,3,1.3862943611198906,4,2,2,1
2,12,2,2,8.012349639327795,0.6931471805599453,2,3,2,1,1,34,1,0.6931471805599453,4,1,2,1
1,12,2,2,7.4133673356952405,0.6931471805599453,3,2,3,2,1,27,2,0.6931471805599453,3,1,2,1
1,36,2,2,8.55256033525353,0.6931471805599453,4,4,3,2,2,29,2,0.6931471805599453,3,1,2,0
4,24,4,2,7.615298339825815,0.6931471805599453,4,2,3,2,2,30,2,1.0986122886681098,2,1,2,1
1,15,4,2,6.883462586413092,0.6931471805599453,3,2,1,3,2,25,2,1.0986122886681098,3,1,2,1
1,6,4,0,6.413458957167357,0.6931471805599453,4,4,2,3,2,37,2,1.0986122886681098,3,1,2,1
2,24,2,2,8.029432840581244,1.0986122886681098,5,4,3,4,4,30,3,0.6931471805599453,3,1,2,1
1,12,2,2,7.8547691834991324,0.6931471805599453,3,2,1,1,3,42,2,0.6931471805599453,3,1,2,1
1,24,2,1,8.791790024319363,0.6931471805599453,1,4,3,2,4,29,3,0.6931471805599453,4,2,2,1
1,30,2,2,8.042056410058754,0.6931471805599453,2,2,1,4,2,31,2,0.6931471805599453,2,1,2,0
1,6,4,2,7.5352967024440884,0.6931471805599453,1,4,3,4,4,36,3,1.3862943611198906,4,2,2,1
4,12,2,0,7.958576903813898,1.791759469228055,1,4,3,4,4,38,2,0.6931471805599453,4,2,2,1
4,18,4,3,7.367077059881012,1.6094379124341003,5,4,3,4,3,46,2,1.0986122886681098,3,1,2,1
1,12,2,2,7.8551570058813445,0.6931471805599453,1,3,2,4,4,55,3,0.6931471805599453,4,1,2,1
1,15,4,2,7.2682230211595655,0.6931471805599453,3,4,2,3,2,25,1,1.0986122886681098,3,1,2,1
1,24,2,2,8.335671314792847,0.6931471805599453,3,4,3,4,2,28,2,0.6931471805599453,3,1,2,1
1,36,2,2,8.283999304248526,0.6931471805599453,1,4,3,3,2,30,2,0.6931471805599453,4,2,2,1
1,12,4,2,7.717351272185329,0.6931471805599453,5,3,3,3,2,60,2,1.0986122886681098,3,1,2,0
1,20,4,2,8.360071435644025,0.6931471805599453,5,1,2,4,2,24,2,1.0986122886681098,3,1,2,1
1,24,4,1,7.992268643270745,0.6931471805599453,5,4,3,4,2,63,2,1.0986122886681098,3,2,2,1
1,36,4,2,7.761744984658913,0.6931471805599453,3,3,4,2,2,46,2,1.0986122886681098,3,2,2,1
2,24,2,2,8.378390788535778,1.791759469228055,3,1,2,4,2,48,2,0.6931471805599453,2,2,2,1
2,6,2,3,5.910796644040527,1.791759469228055,5,4,3,4,2,38,2,0.6931471805599453,3,1,2,1
4,24,4,3,7.793586803371584,1.791759469228055,5,4,3,4,2,53,2,1.0986122886681098,3,1,2,1
2,6,2,3,6.3818160174060985,0.6931471805599453,2,3,4,3,1,26,2,0.6931471805599453,2,1,1,1
1,8,4,0,6.570882962339584,0.6931471805599453,5,4,3,4,1,47,2,1.0986122886681098,2,1,2,1
1,9,4,3,7.037905963447182,0.6931471805599453,3,4,3,4,1,25,2,1.0986122886681098,2,1,2,1
1,12,2,3,7.703007682479236,0.6931471805599453,3,4,3,3,2,24,2,0.6931471805599453,2,1,2,1
4,24,4,2,7.368970402194793,0.6931471805599453,4,4,3,3,2,40,2,1.0986122886681098,3,1,2,1
2,10,2,2,7.3277805384216315,0.6931471805599453,3,4,1,2,3,31,2,0.6931471805599453,2,1,2,1
1,24,2,3,7.1569563646156364,1.0986122886681098,3,4,2,2,3,32,2,0.6931471805599453,2,1,2,0
1,12,2,0,7.063903961472068,0.6931471805599453,3,4,4,3,1,27,2,0.6931471805599453,2,1,2,1
2,6,2,5,6.12029741895095,0.6931471805599453,2,3,4,1,2,22,2,0.6931471805599453,2,1,2,1
4,15,3,1,8.187299270155147,0.6931471805599453,2,1,2,2,2,46,2,1.0986122886681098,2,1,2,1
4,12,2,2,7.478169694159785,0.6931471805599453,3,3,3,2,1,24,1,0.6931471805599453,2,1,2,1
4,24,2,3,7.254177846456518,0.6931471805599453,3,4,4,2,2,28,2,0.6931471805599453,3,1,2,1
1,24,4,3,7.116394144093465,1.6094379124341003,5,4,2,4,2,57,1,1.0986122886681098,4,2,2,1
2,36,4,1,8.665785595466064,0.6931471805599453,3,3,3,4,3,34,2,1.0986122886681098,3,2,2,1
1,30,2,2,8.195057690895077,1.6094379124341003,5,4,2,4,2,57,1,1.0986122886681098,3,2,2,1
4,15,2,4,7.141245122350491,1.3862943611198906,4,4,3,3,2,36,2,1.0986122886681098,3,2,2,1
2,30,4,0,7.687997166393016,1.791759469228055,5,4,3,4,1,36,2,1.0986122886681098,3,1,2,1
4,9,4,6,7.126890808898808,1.791759469228055,5,4,2,4,2,41,1,1.0986122886681098,2,1,2,1
4,36,0,5,7.868636894184167,0.6931471805599453,3,4,3,2,3,27,2,1.0986122886681098,3,1,2,1
2,18,2,2,7.562681246721884,1.791759469228055,2,4,2,3,1,27,1,0.6931471805599453,3,1,2,0
3,15,2,6,7.552762084214147,0.6931471805599453,5,4,3,4,3,40,1,0.6931471805599453,4,2,2,1
2,18,2,1,7.930206206684683,0.6931471805599453,3,1,4,3,3,21,1,0.6931471805599453,3,2,2,1
4,12,2,0,7.541683099882111,0.6931471805599453,5,4,3,4,3,39,2,0.6931471805599453,4,2,2,1
4,15,4,1,8.122371243406553,1.6094379124341003,5,3,3,4,4,23,1,1.0986122886681098,3,2,2,1
1,15,2,0,7.828834527588089,0.6931471805599453,1,1,2,4,3,23,1,0.6931471805599453,3,1,2,1
4,6,2,4,7.199678345691172,1.3862943611198906,3,1,1,4,1,62,2,0.6931471805599453,3,1,2,1
2,9,2,3,6.9874902470009905,0.6931471805599453,5,4,3,4,3,37,2,1.0986122886681098,2,1,2,1
4,18,4,3,7.047517221357296,1.6094379124341003,3,4,3,3,1,46,2,1.0986122886681098,3,1,2,1
2,15,2,5,7.1770187659099,0.6931471805599453,5,4,3,4,3,38,2,1.0986122886681098,2,1,2,1
4,12,2,2,7.459914766241105,0.6931471805599453,4,3,2,4,1,31,2,0.6931471805599453,2,1,2,1
4,12,2,3,8.026170194946426,1.6094379124341003,4,2,1,4,1,61,2,0.6931471805599453,2,1,2,1
1,24,2,2,8.005367067316664,1.791759469228055,3,2,4,4,3,20,2,0.6931471805599453,3,1,2,0
4,6,2,2,7.4770384723196965,0.6931471805599453,3,1,4,2,2,21,1,0.6931471805599453,3,1,2,1
4,24,4,5,8.613956859848546,0.6931471805599453,5,3,3,4,4,44,3,1.0986122886681098,3,1,2,1
3,24,2,2,7.970049304976135,0.6931471805599453,5,3,1,4,4,51,3,0.6931471805599453,3,1,2,1
2,36,3,0,7.959625305098115,1.0986122886681098,5,4,3,3,4,30,3,0.6931471805599453,3,1,2,1
1,9,2,0,6.484635235635252,0.6931471805599453,3,4,3,3,3,28,2,0.6931471805599453,2,1,2,0
2,24,2,1,8.322151070212902,1.3862943611198906,2,3,2,4,3,28,1,0.6931471805599453,3,1,2,0
1,24,4,0,7.090076835776092,0.6931471805599453,5,4,3,4,3,60,2,1.0986122886681098,2,1,2,0
2,36,4,0,7.944846711001996,0.6931471805599453,2,4,1,4,3,27,2,1.0986122886681098,3,1,2,0
4,9,2,3,7.2991214627108,0.6931471805599453,4,4,3,2,3,22,2,0.6931471805599453,3,1,2,0
2,9,1,0,7.271008538280992,1.0986122886681098,4,2,3,3,4,29,2,0.6931471805599453,3,1,2,0
1,15,2,4,7.151485463904735,1.791759469228055,3,4,2,2,3,24,1,0.6931471805599453,3,1,2,0
1,9,2,0,7.260522598089852,0.6931471805599453,2,3,3,2,4,27,3,0.6931471805599453,4,2,2,0
1,18,2,4,7.1049654482698426,0.6931471805599453,3,4,4,3,1,47,2,0.6931471805599453,2,2,2,0
1,36,2,0,7.519149957669823,0.6931471805599453,2,4,2,4,3,34,2,0.6931471805599453,3,2,2,0
2,18,3,2,8.365905077202456,0.6931471805599453,5,4,1,3,4,40,2,0.6931471805599453,4,2,2,0
1,6,4,2,8.127109185346375,0.6931471805599453,3,1,1,4,1,44,1,0.6931471805599453,4,2,2,0
2,18,4,3,7.1276936993473985,0.6931471805599453,3,4,4,2,3,33,2,0.6931471805599453,3,1,2,0
4,15,2,6,8.439015410352214,1.0986122886681098,3,3,3,2,2,40,2,0.6931471805599453,4,2,2,0
1,12,1,3,7.673223121121708,0.6931471805599453,3,4,1,1,4,29,3,0.6931471805599453,3,1,2,0
2,15,0,0,7.483806687665835,0.6931471805599453,2,2,2,1,1,26,1,1.0986122886681098,1,1,2,0
3,15,2,3,7.752764808851328,0.6931471805599453,2,2,2,3,1,25,2,0.6931471805599453,2,1,2,0
1,12,2,6,6.679599185844383,0.6931471805599453,2,4,2,4,2,53,2,0.6931471805599453,3,1,2,0
3,21,4,6,7.749322464660356,0.6931471805599453,2,2,1,1,3,33,1,0.6931471805599453,3,1,2,0
1,24,2,0,7.231287004327616,1.791759469228055,3,4,2,2,2,35,2,0.6931471805599453,3,1,2,0
1,24,2,0,7.1592919047975645,1.791759469228055,4,4,2,4,4,32,1,0.6931471805599453,3,1,2,0
1,24,2,0,7.22402480828583,1.791759469228055,3,4,2,4,1,25,1,0.6931471805599453,3,1,2,0
2,18,2,0,6.949856455000773,1.791759469228055,3,4,2,2,2,33,2,0.6931471805599453,3,1,2,0
1,12,2,0,6.803505257608338,1.791759469228055,3,4,4,2,3,23,2,0.6931471805599453,3,1,2,0
1,24,2,0,7.0967213784947605,0.6931471805599453,2,4,2,4,2,24,1,0.6931471805599453,3,1,2,0
2,18,0,0,7.731492029245684,1.0986122886681098,2,3,2,3,3,28,2,1.0986122886681098,3,1,2,0
1,24,2,2,8.11552088154677,0.6931471805599453,5,4,3,2,2,39,1,0.6931471805599453,4,2,2,0
1,6,1,6,7.089243155027514,0.6931471805599453,5,4,2,4,4,35,3,0.6931471805599453,3,1,2,0
4,18,2,5,7.572502985020384,0.6931471805599453,2,4,2,4,1,23,2,0.6931471805599453,3,1,2,0
1,18,2,3,8.068089626278244,0.6931471805599453,3,2,2,2,1,24,2,0.6931471805599453,3,1,2,0
4,18,3,2,7.500529485395295,0.6931471805599453,4,4,2,1,1,22,2,0.6931471805599453,3,1,2,0
1,12,2,0,6.633318433280377,0.6931471805599453,4,4,3,2,1,26,2,0.6931471805599453,3,1,2,0
2,8,2,2,7.121252453244542,0.6931471805599453,3,3,2,4,1,24,2,0.6931471805599453,3,1,2,0
1,24,2,3,7.569927655242652,0.6931471805599453,2,4,1,3,2,32,2,0.6931471805599453,3,1,2,0
1,21,2,3,7.515344571180436,0.6931471805599453,3,3,2,2,1,25,2,1.0986122886681098,3,2,2,0
1,24,3,3,7.414572881350589,0.6931471805599453,2,4,2,2,3,29,1,0.6931471805599453,2,2,2,0
2,6,3,0,7.098375638590786,0.6931471805599453,1,4,3,4,2,47,2,0.6931471805599453,4,2,2,0
2,12,2,5,6.461468176353717,0.6931471805599453,3,4,3,2,3,30,2,0.6931471805599453,3,1,2,0
2,36,0,3,8.244071270295786,0.6931471805599453,3,4,2,1,3,42,2,0.6931471805599453,3,2,2,0
4,36,3,3,8.403800504061147,0.6931471805599453,3,4,3,2,3,26,2,1.0986122886681098,4,2,2,0
3,36,2,3,8.345455428161928,0.6931471805599453,3,4,3,2,3,26,2,0.6931471805599453,3,1,2,0
4,6,2,2,8.436416881388949,0.6931471805599453,2,1,2,4,2,32,2,0.6931471805599453,3,1,2,0
2,24,2,2,8.30844552038576,0.6931471805599453,4,3,1,3,3,43,2,0.6931471805599453,3,2,2,0
4,12,2,0,7.234898420314831,1.3862943611198906,3,2,2,2,2,26,2,0.6931471805599453,3,1,2,0
1,36,2,6,7.589841512182657,1.791759469228055,5,4,3,4,4,40,2,0.6931471805599453,4,2,2,0
2,18,4,2,7.564757012905729,0.6931471805599453,2,2,3,2,1,31,2,1.0986122886681098,2,1,2,0
4,12,2,2,7.024649030453636,1.3862943611198906,3,4,2,4,3,29,1,0.6931471805599453,2,1,2,0
2,27,4,3,7.83241092718792,1.3862943611198906,3,4,3,2,2,23,2,1.0986122886681098,2,1,2,0
1,36,2,3,7.741967899820685,0.6931471805599453,3,4,1,4,3,31,1,0.6931471805599453,3,1,2,0
1,42,2,3,8.285513309079741,0.6931471805599453,2,4,3,3,3,34,2,0.6931471805599453,3,1,2,0
1,12,2,3,6.590301048196686,1.0986122886681098,2,4,4,3,4,33,2,0.6931471805599453,2,2,2,0
2,12,2,3,7.336285660021297,0.6931471805599453,2,1,4,1,1,23,1,0.6931471805599453,3,1,2,0
3,15,4,3,7.148345743900068,1.791759469228055,3,3,3,4,4,39,3,1.0986122886681098,3,2,2,0
2,12,2,0,7.16703787691222,0.6931471805599453,2,3,2,1,3,25,1,0.6931471805599453,3,1,2,0
2,24,2,0,7.212294468500341,0.6931471805599453,2,3,2,4,3,25,2,0.6931471805599453,2,2,2,0
2,30,4,0,8.354674261918463,0.6931471805599453,1,4,4,2,3,28,2,1.0986122886681098,4,1,2,0
2,30,4,0,8.563122123304638,0.6931471805599453,1,4,4,2,3,28,2,1.0986122886681098,4,1,2,0
1,9,2,3,7.220373836723949,0.6931471805599453,2,3,2,4,2,22,1,0.6931471805599453,3,1,2,0
1,18,2,2,7.813591552952433,0.6931471805599453,1,4,3,1,3,25,2,0.6931471805599453,1,1,2,0
3,9,0,3,7.198931240688173,0.6931471805599453,2,4,3,2,3,34,2,1.0986122886681098,4,2,2,0
2,15,1,0,7.142827401161621,1.0986122886681098,3,2,4,2,2,25,1,0.6931471805599453,3,1,2,0
2,15,2,0,7.875499292445208,1.0986122886681098,3,2,2,4,3,28,1,1.0986122886681098,3,2,2,0
1,24,2,0,8.046869510959576,0.6931471805599453,2,4,2,1,2,27,2,0.6931471805599453,3,1,2,0
1,24,2,3,7.799753318287247,0.6931471805599453,2,4,2,4,1,35,2,0.6931471805599453,3,2,2,0
2,12,2,3,7.3031700512368,1.791759469228055,3,2,4,1,1,25,2,0.6931471805599453,3,2,2,0
1,18,2,2,7.0317412587631285,0.6931471805599453,1,4,2,2,3,33,2,0.6931471805599453,3,1,2,0
2,24,3,2,7.632885505395133,0.6931471805599453,1,3,2,2,2,34,2,0.6931471805599453,4,2,2,0
4,27,2,0,7.852050207265889,0.6931471805599453,3,3,2,3,1,21,1,0.6931471805599453,3,1,2,0
1,18,0,2,8.043984431221553,0.6931471805599453,2,1,2,4,2,26,1,0.6931471805599453,3,1,2,0
1,18,4,2,7.661527081358517,0.6931471805599453,3,4,2,4,1,24,1,1.0986122886681098,3,1,2,0
1,30,2,2,7.786136437783072,0.6931471805599453,4,4,2,4,1,23,1,0.6931471805599453,3,1,2,0
1,12,4,0,6.539585955617669,0.6931471805599453,5,4,3,3,2,35,2,1.0986122886681098,3,1,2,0
1,18,2,2,7.809135398120538,0.6931471805599453,3,2,3,2,3,22,2,0.6931471805599453,3,1,2,0
1,12,2,2,7.1569563646156364,0.6931471805599453,3,2,2,4,3,20,1,0.6931471805599453,3,1,2,0
2,12,0,2,7.996317231796746,0.6931471805599453,2,4,2,3,2,25,1,1.0986122886681098,3,1,2,0
1,24,2,0,7.274479558773871,0.6931471805599453,4,4,2,4,3,23,1,1.0986122886681098,3,1,2,0
1,18,2,2,7.620705086838262,0.6931471805599453,3,1,2,4,1,20,1,0.6931471805599453,3,1,2,0
2,12,2,0,7.1098794630722715,0.6931471805599453,5,1,1,1,1,46,1,1.0986122886681098,3,1,2,0
1,12,2,0,7.224753405767971,0.6931471805599453,4,2,1,3,3,36,2,0.6931471805599453,3,1,2,0
1,12,2,3,6.565264970035361,0.6931471805599453,5,4,3,4,1,57,2,0.6931471805599453,2,1,2,0
4,10,2,2,7.701200180857446,0.6931471805599453,3,2,3,2,1,25,1,0.6931471805599453,2,1,2,0
3,12,4,0,6.84587987526405,1.3862943611198906,4,4,4,2,1,28,2,1.3862943611198906,3,2,2,0
2,24,2,3,8.03689677268507,1.0986122886681098,2,3,4,2,3,22,1,0.6931471805599453,3,2,2,0
2,12,2,3,7.194436851100335,0.6931471805599453,2,2,3,1,3,22,2,0.6931471805599453,3,1,2,0
1,24,2,2,8.081784206935001,0.6931471805599453,2,4,2,4,1,23,1,0.6931471805599453,2,2,2,0
1,18,2,3,7.204892510204673,0.6931471805599453,3,4,4,3,1,26,2,0.6931471805599453,3,1,2,0
1,6,2,6,6.1070228877422545,0.6931471805599453,2,4,2,4,2,23,2,0.6931471805599453,3,1,2,0
2,12,2,2,7.924072324923417,1.791759469228055,5,1,2,2,2,25,2,0.6931471805599453,3,2,2,0
1,12,2,1,8.127699852817772,0.6931471805599453,5,3,3,4,4,35,3,0.6931471805599453,3,2,2,0
2,24,2,3,7.620705086838262,0.6931471805599453,2,1,4,1,2,22,2,0.6931471805599453,3,2,2,0
1,12,2,3,6.51471269087253,1.0986122886681098,4,4,4,1,2,20,2,0.6931471805599453,3,1,2,0
1,18,2,0,6.884486652042782,0.6931471805599453,2,1,2,2,3,23,2,0.6931471805599453,2,1,2,0
2,24,2,0,7.908019444632471,0.6931471805599453,3,3,2,4,2,20,1,0.6931471805599453,2,2,2,0
1,18,2,6,6.621405651764134,0.6931471805599453,1,4,2,1,1,27,2,0.6931471805599453,1,1,2,0
1,12,0,3,8.732304571033183,0.6931471805599453,3,4,3,2,2,28,1,1.0986122886681098,3,2,2,0
2,12,2,3,8.774776816043985,1.791759469228055,1,2,3,1,4,52,2,0.6931471805599453,4,2,2,0
1,30,2,2,8.756367559802975,1.791759469228055,5,4,3,4,2,31,2,0.6931471805599453,3,1,2,0
