,status,duration,credit_history,purpose,amount,savings,employment_duration,installment_rate,personal_status_sex,present_residence,property,age,number_credits,telephone
132,0.887852597200297,1.100210218275547,1.2274197200517454,0.5440403342959125,0.5750010909854589,-0.8199555381752046,1.4281681719791168,0.7741311922946835,0.4504426164614511,-0.5614739352783265,0.8749618303320326,-0.469363967293686,1.3114349310167903,-0.7071067811865472
156,-1.5326798484516078,-0.7422603616360881,-0.7130724087919661,0.5440403342959125,-0.2273675720479701,0.692148865877892,1.4281681719791168,-0.1848671503987305,1.785683229543609,-1.451964444095545,-1.3827117007837824,0.1049437862990798,-0.7022759801291703,-0.7071067811865472
213,-1.5326798484516078,2.021445508231365,-0.7130724087919661,-1.4383895667726077,-0.0767177888067798,-0.8199555381752046,-1.3003270312648736,0.7741311922946835,-0.8847979966207067,1.2195070823561107,0.8749618303320326,0.0092258273669521,-0.7022759801291703,1.4142135623730951
119,0.887852597200297,2.7123719756982285,1.2274197200517454,-0.1167696327269275,1.209201292673613,0.692148865877892,-0.3908286301835435,0.7741311922946835,0.4504426164614511,1.2195070823561107,-1.3827117007837824,0.2006617452312074,1.3114349310167903,1.4142135623730951
139,0.887852597200297,-0.3967971279026564,1.2274197200517454,2.5264702353644326,-0.3782734932815089,0.0645688353711686,-0.3908286301835435,0.7741311922946835,-0.8847979966207067,0.3290165735388921,0.8749618303320326,-0.2779280494294307,-0.7022759801291703,-0.7071067811865472
66,0.887852597200297,1.3305190407645018,1.2274197200517454,0.5440403342959125,1.7925704202060937,-0.8199555381752046,0.5186697708977867,0.7741311922946835,-0.8847979966207067,-0.5614739352783265,0.8749618303320326,-0.8522358030221966,1.3114349310167903,-0.7071067811865472
216,-1.5326798484516078,0.6395925732976385,-0.7130724087919661,-1.4383895667726077,-0.5480628571478199,1.576673239424265,-0.3908286301835435,0.7741311922946835,-0.8847979966207067,-0.5614739352783265,-0.2538749352258749,0.1049437862990798,-0.7022759801291703,-0.7071067811865472
154,0.887852597200297,0.6395925732976385,-0.7130724087919661,0.5440403342959125,-0.6331730161202287,0.0645688353711686,0.5186697708977867,0.7741311922946835,1.785683229543609,0.3290165735388921,-0.2538749352258749,-0.756517844090069,-0.7022759801291703,1.4142135623730951
167,-0.7258356999009729,0.6395925732976385,-0.7130724087919661,0.5440403342959125,0.6638444658354231,0.0645688353711686,-1.3003270312648736,-1.1438654930921446,0.4504426164614511,-1.451964444095545,0.8749618303320326,-0.469363967293686,-0.7022759801291703,-0.7071067811865472
148,0.887852597200297,0.6395925732976385,-0.7130724087919661,0.5440403342959125,-1.077811758223587,1.576673239424265,1.4281681719791168,0.7741311922946835,0.4504426164614511,-0.5614739352783265,0.8749618303320326,-0.8522358030221966,1.3114349310167903,-0.7071067811865472
232,0.887852597200297,-0.7422603616360881,-0.7130724087919661,-1.4383895667726077,-0.5421495463325915,0.692148865877892,-0.3908286301835435,-1.1438654930921446,-0.8847979966207067,-0.5614739352783265,-0.2538749352258749,-0.756517844090069,-0.7022759801291703,-0.7071067811865472
155,0.887852597200297,0.6395925732976385,1.2274197200517454,-0.7775795997497675,1.2096063375699564,1.576673239424265,0.5186697708977867,-0.1848671503987305,0.4504426164614511,1.2195070823561107,-0.2538749352258749,0.8706874577561009,1.3114349310167903,1.4142135623730951
117,-1.5326798484516078,-0.7422603616360881,-2.6535645376356776,1.8656602683415928,-0.9084090914332952,-0.8199555381752046,0.5186697708977867,0.7741311922946835,0.4504426164614511,0.3290165735388921,-1.3827117007837824,-0.5650819262258137,1.3114349310167903,-0.7071067811865472
84,0.887852597200297,-0.0513338941692248,1.2274197200517454,0.5440403342959125,-0.1144639978455102,-0.8199555381752046,-0.3908286301835435,0.7741311922946835,0.4504426164614511,-0.5614739352783265,0.8749618303320326,-0.9479537619543242,1.3114349310167903,-0.7071067811865472
125,-0.7258356999009729,0.6395925732976385,0.2571736556298896,0.5440403342959125,1.9627024573594265,-0.8199555381752046,-1.3003270312648736,-2.1028638357855587,0.4504426164614511,-0.5614739352783265,0.8749618303320326,-0.0864921315651754,-0.7022759801291703,-0.7071067811865472
144,0.887852597200297,-0.7422603616360881,-0.7130724087919661,0.5440403342959125,-1.274152156749034,1.576673239424265,-0.3908286301835435,0.7741311922946835,-0.8847979966207067,-0.5614739352783265,0.8749618303320326,-1.2351076387507072,-0.7022759801291703,-0.7071067811865472
244,-1.5326798484516078,-1.4331868291029517,-0.7130724087919661,2.5264702353644326,-2.388926159329497,-0.8199555381752046,-1.3003270312648736,0.7741311922946835,-0.8847979966207067,1.2195070823561107,-0.2538749352258749,-1.043671720886452,-0.7022759801291703,-0.7071067811865472
109,0.887852597200297,-0.7422603616360881,1.2274197200517454,-1.4383895667726077,-1.7020852757315654,0.0645688353711686,0.5186697708977867,0.7741311922946835,-0.8847979966207067,0.3290165735388921,0.8749618303320326,1.6364311292131222,1.3114349310167903,1.4142135623730951
181,0.887852597200297,-0.0513338941692248,1.2274197200517454,-0.7775795997497675,1.1299403482175414,-0.8199555381752046,0.5186697708977867,-0.1848671503987305,0.4504426164614511,-1.451964444095545,0.8749618303320326,-0.6607998851579413,1.3114349310167903,-0.7071067811865472
233,-1.5326798484516078,2.7123719756982285,-0.7130724087919661,0.5440403342959125,1.178120953207241,-0.8199555381752046,-1.3003270312648736,0.7741311922946835,0.4504426164614511,0.3290165735388921,0.8749618303320326,0.0092258273669521,-0.7022759801291703,-0.7071067811865472
73,-0.7258356999009729,2.021445508231365,-0.7130724087919661,2.5264702353644326,1.0697464051901473,1.576673239424265,-0.3908286301835435,-1.1438654930921446,1.785683229543609,-0.5614739352783265,0.8749618303320326,-0.6607998851579413,-0.7022759801291703,-0.7071067811865472
224,-0.7258356999009729,-1.202878006613997,-0.7130724087919661,-0.1167696327269275,-0.7282327692464834,-0.8199555381752046,-0.3908286301835435,-0.1848671503987305,-0.8847979966207067,1.2195070823561107,-1.3827117007837824,-0.9479537619543242,-0.7022759801291703,-0.7071067811865472
115,0.887852597200297,0.6395925732976385,1.2274197200517454,0.5440403342959125,0.4734581308922597,1.1789377559454957,1.4281681719791168,-1.1438654930921446,0.4504426164614511,-0.5614739352783265,0.8749618303320326,0.0092258273669521,-0.7022759801291703,-0.7071067811865472
75,0.887852597200297,-0.7422603616360881,-0.7130724087919661,0.5440403342959125,-0.6954968931059329,-0.8199555381752046,-0.3908286301835435,-0.1848671503987305,0.4504426164614511,-0.5614739352783265,0.8749618303320326,-0.8522358030221966,-0.7022759801291703,-0.7071067811865472
236,-0.7258356999009729,-0.7422603616360881,-0.7130724087919661,0.5440403342959125,-0.4303619885067144,1.576673239424265,-0.3908286301835435,-1.1438654930921446,1.785683229543609,-1.451964444095545,-1.3827117007837824,-0.8522358030221966,-0.7022759801291703,1.4142135623730951
82,0.887852597200297,2.3669087419647967,-0.7130724087919661,-0.7775795997497675,0.4677340831650193,0.692148865877892,-0.3908286301835435,0.7741311922946835,0.4504426164614511,1.2195070823561107,0.8749618303320326,-0.9479537619543242,-0.7022759801291703,-0.7071067811865472
29,0.887852597200297,0.6395925732976385,1.2274197200517454,-1.4383895667726077,0.008113342962857,1.1789377559454957,1.4281681719791168,0.7741311922946835,0.4504426164614511,1.2195070823561107,-1.3827117007837824,2.497892759602271,-0.7022759801291703,1.4142135623730951
126,-0.7258356999009729,-0.7422603616360881,-0.7130724087919661,-1.4383895667726077,1.8774227437112263,-0.8199555381752046,0.5186697708977867,-1.1438654930921446,0.4504426164614511,-0.5614739352783265,0.8749618303320326,-0.1822100904973031,-0.7022759801291703,-0.7071067811865472
79,-1.5326798484516078,-0.0513338941692248,-0.7130724087919661,-0.1167696327269275,0.5240935507231811,1.1789377559454957,-0.3908286301835435,0.7741311922946835,0.4504426164614511,-0.5614739352783265,0.8749618303320326,-0.5650819262258137,-0.7022759801291703,-0.7071067811865472
86,0.887852597200297,0.2941293395642068,-0.7130724087919661,-0.7775795997497675,1.6370490060863556,1.576673239424265,-0.3908286301835435,-2.1028638357855587,0.4504426164614511,0.3290165735388921,0.8749618303320326,-0.756517844090069,-0.7022759801291703,-0.7071067811865472
5,0.081008448649662,1.3305190407645018,1.2274197200517454,0.5440403342959125,0.7308444034024483,-0.8199555381752046,1.4281681719791168,0.7741311922946835,0.4504426164614511,1.2195070823561107,-0.2538749352258749,1.2535592934846116,-0.7022759801291703,-0.7071067811865472
56,0.887852597200297,-0.0513338941692248,-0.7130724087919661,0.5440403342959125,-0.464905095747312,-0.8199555381752046,-1.3003270312648736,-0.1848671503987305,-0.8847979966207067,-1.451964444095545,-1.3827117007837824,-0.756517844090069,-0.7022759801291703,-0.7071067811865472
185,-1.5326798484516078,0.6395925732976385,-0.7130724087919661,-0.1167696327269275,0.3281556120407441,0.0645688353711686,-2.209825432346204,-2.1028638357855587,-2.2200386097028644,-1.451964444095545,-0.2538749352258749,-0.0864921315651754,-0.7022759801291703,-0.7071067811865472
150,0.887852597200297,0.6395925732976385,-0.7130724087919661,0.5440403342959125,0.7779053405637386,1.576673239424265,-1.3003270312648736,0.7741311922946835,0.4504426164614511,-0.5614739352783265,0.8749618303320326,-0.8522358030221966,1.3114349310167903,-0.7071067811865472
211,0.887852597200297,-1.0877235953695197,-0.7130724087919661,0.5440403342959125,-0.4369911230074081,-0.8199555381752046,0.5186697708977867,0.7741311922946835,0.4504426164614511,-0.5614739352783265,0.8749618303320326,-1.1393896798185796,-0.7022759801291703,-0.7071067811865472
65,0.887852597200297,-1.0877235953695197,1.2274197200517454,-1.4383895667726077,0.1640969669643705,-0.8199555381752046,-0.3908286301835435,0.7741311922946835,0.4504426164614511,1.2195070823561107,0.8749618303320326,1.3492772524167391,2.7401855599924745,1.4142135623730951
197,-1.5326798484516078,0.6395925732976385,1.2274197200517454,-0.7775795997497675,0.697963901243443,-0.8199555381752046,1.4281681719791168,0.7741311922946835,0.4504426164614511,1.2195070823561107,-0.2538749352258749,2.7850466363986537,1.3114349310167903,1.4142135623730951
124,-0.7258356999009729,-1.0877235953695197,-0.7130724087919661,0.5440403342959125,-0.7697558234312267,-0.8199555381752046,1.4281681719791168,0.7741311922946835,-0.8847979966207067,1.2195070823561107,-1.3827117007837824,-0.8522358030221966,-0.7022759801291703,-0.7071067811865472
212,-0.7258356999009729,-1.0877235953695197,-1.6833184732138218,-1.4383895667726077,-0.4830230563728719,0.0645688353711686,0.5186697708977867,-1.1438654930921446,0.4504426164614511,0.3290165735388921,2.00379859588994,-0.469363967293686,-0.7022759801291703,-0.7071067811865472
147,-0.7258356999009729,-0.7422603616360881,-0.7130724087919661,-0.7775795997497675,0.0807149938143365,1.576673239424265,-0.3908286301835435,0.7741311922946835,0.4504426164614511,-0.5614739352783265,0.8749618303320326,-0.3736460083615583,-0.7022759801291703,-0.7071067811865472
31,0.887852597200297,-0.3967971279026564,-0.7130724087919661,0.5440403342959125,0.0406869065523181,1.576673239424265,1.4281681719791168,0.7741311922946835,0.4504426164614511,-0.5614739352783265,0.8749618303320326,0.1049437862990798,-0.7022759801291703,-0.7071067811865472
12,0.887852597200297,-0.7422603616360881,1.2274197200517454,1.8656602683415928,-1.082731323221659,1.576673239424265,0.5186697708977867,0.7741311922946835,-0.8847979966207067,1.2195070823561107,-1.3827117007837824,-1.043671720886452,1.3114349310167903,-0.7071067811865472
35,0.081008448649662,-0.3967971279026564,1.2274197200517454,-0.7775795997497675,0.3288492760990407,0.692148865877892,-0.3908286301835435,-1.1438654930921446,0.4504426164614511,-0.5614739352783265,0.8749618303320326,0.2006617452312074,-0.7022759801291703,1.4142135623730951
28,-0.7258356999009729,-1.0877235953695197,-0.7130724087919661,-0.1167696327269275,0.082328189989278,1.576673239424265,0.5186697708977867,-1.1438654930921446,0.4504426164614511,-1.451964444095545,0.8749618303320326,-0.9479537619543242,-0.7022759801291703,1.4142135623730951
42,-0.7258356999009729,-0.0513338941692248,1.2274197200517454,-0.1167696327269275,1.9519284019777272,-0.8199555381752046,1.4281681719791168,-1.1438654930921446,0.4504426164614511,-1.451964444095545,2.00379859588994,0.6792515398918457,-0.7022759801291703,1.4142135623730951
235,-1.5326798484516078,0.6395925732976385,-0.7130724087919661,0.5440403342959125,0.3827404660722883,-0.8199555381752046,-1.3003270312648736,0.7741311922946835,-0.8847979966207067,1.2195070823561107,-1.3827117007837824,0.1049437862990798,-0.7022759801291703,1.4142135623730951
22,0.887852597200297,-0.7422603616360881,-0.7130724087919661,0.5440403342959125,0.7630776093567531,-0.8199555381752046,-0.3908286301835435,-1.1438654930921446,0.4504426164614511,1.2195070823561107,0.8749618303320326,1.7321490881452497,-0.7022759801291703,1.4142135623730951
93,0.887852597200297,0.6395925732976385,-0.7130724087919661,-0.1167696327269275,0.6289989041326542,0.692148865877892,1.4281681719791168,-0.1848671503987305,0.4504426164614511,1.2195070823561107,-0.2538749352258749,1.8278670470773772,-0.7022759801291703,-0.7071067811865472
168,0.887852597200297,0.6395925732976385,-0.7130724087919661,0.5440403342959125,1.8406503111205024,1.576673239424265,-1.3003270312648736,-2.1028638357855587,-0.8847979966207067,-1.451964444095545,0.8749618303320326,0.9664054166882284,1.3114349310167903,1.4142135623730951
101,-0.7258356999009729,0.6395925732976385,-0.7130724087919661,-1.4383895667726077,-0.7765528194311118,-0.8199555381752046,-1.3003270312648736,0.7741311922946835,0.4504426164614511,-1.451964444095545,-0.2538749352258749,-0.756517844090069,-0.7022759801291703,-0.7071067811865472
51,0.887852597200297,-0.3967971279026564,-0.7130724087919661,1.2048503013187526,-1.2964552573315065,1.576673239424265,-1.3003270312648736,0.7741311922946835,-0.8847979966207067,-1.451964444095545,-1.3827117007837824,-0.9479537619543242,-0.7022759801291703,-0.7071067811865472
95,0.081008448649662,-1.0877235953695197,-0.7130724087919661,0.5440403342959125,-0.8820461858748132,0.0645688353711686,1.4281681719791168,-1.1438654930921446,-2.2200386097028644,1.2195070823561107,-1.3827117007837824,1.4449952113488669,-0.7022759801291703,-0.7071067811865472
142,0.887852597200297,-0.7422603616360881,1.2274197200517454,0.5440403342959125,-1.8631877934973349,-0.8199555381752046,1.4281681719791168,0.7741311922946835,0.4504426164614511,1.2195070823561107,-1.3827117007837824,2.1150209238737605,-0.7022759801291703,-0.7071067811865472
198,-1.5326798484516078,2.021445508231365,1.2274197200517454,-0.1167696327269275,0.3205058492048682,-0.8199555381752046,-0.3908286301835435,-0.1848671503987305,1.785683229543609,-0.5614739352783265,-0.2538749352258749,1.1578413345524838,1.3114349310167903,1.4142135623730951
76,0.887852597200297,-0.0513338941692248,1.2274197200517454,-0.1167696327269275,-0.0990807966909483,-0.8199555381752046,-0.3908286301835435,0.7741311922946835,-0.8847979966207067,-0.5614739352783265,2.00379859588994,-0.5650819262258137,1.3114349310167903,-0.7071067811865472
41,-1.5326798484516078,-1.0877235953695197,-0.7130724087919661,0.5440403342959125,-0.5683293683304381,-0.8199555381752046,0.5186697708977867,-0.1848671503987305,0.4504426164614511,1.2195070823561107,-1.3827117007837824,2.402174800670143,-0.7022759801291703,-0.7071067811865472
113,0.887852597200297,-1.4331868291029517,1.2274197200517454,-0.1167696327269275,-0.7495325035492091,1.576673239424265,-0.3908286301835435,-2.1028638357855587,1.785683229543609,-0.5614739352783265,-0.2538749352258749,-0.6607998851579413,1.3114349310167903,-0.7071067811865472
230,0.887852597200297,-1.4331868291029517,-0.7130724087919661,-0.1167696327269275,1.4252095548392647,-0.8199555381752046,-1.3003270312648736,-2.1028638357855587,-0.8847979966207067,1.2195070823561107,-0.2538749352258749,-0.1822100904973031,-0.7022759801291703,-0.7071067811865472
78,-0.7258356999009729,-0.3967971279026564,-0.7130724087919661,0.5440403342959125,-0.475071769227914,1.576673239424265,-1.3003270312648736,0.7741311922946835,0.4504426164614511,-1.451964444095545,-0.2538749352258749,-1.043671720886452,-0.7022759801291703,-0.7071067811865472
146,0.887852597200297,-0.3967971279026564,-0.7130724087919661,-0.7775795997497675,1.113703009666798,0.0645688353711686,-1.3003270312648736,-2.1028638357855587,-0.8847979966207067,1.2195070823561107,0.8749618303320326,-1.043671720886452,-0.7022759801291703,1.4142135623730951
26,0.887852597200297,1.3305190407645018,-0.7130724087919661,0.5440403342959125,-0.0546560971330583,1.576673239424265,1.4281681719791168,0.7741311922946835,0.4504426164614511,1.2195070823561107,0.8749618303320326,2.306456841738016,-0.7022759801291703,1.4142135623730951
240,-1.5326798484516078,-0.7422603616360881,-0.7130724087919661,-1.4383895667726077,-0.5587609321305623,-0.8199555381752046,0.5186697708977867,-1.1438654930921446,-2.2200386097028644,0.3290165735388921,0.8749618303320326,0.2006617452312074,-0.7022759801291703,-0.7071067811865472
176,0.081008448649662,-0.9725691841250426,1.2274197200517454,0.5440403342959125,-0.5888498711482261,1.576673239424265,0.5186697708977867,0.7741311922946835,0.4504426164614511,-0.5614739352783265,-0.2538749352258749,-0.6607998851579413,1.3114349310167903,1.4142135623730951
238,-1.5326798484516078,-0.7422603616360881,1.2274197200517454,-1.4383895667726077,-1.6806499938057942,-0.8199555381752046,1.4281681719791168,0.7741311922946835,0.4504426164614511,0.3290165735388921,-0.2538749352258749,0.1049437862990798,1.3114349310167903,-0.7071067811865472
136,-0.7258356999009729,-0.8574147728805653,1.2274197200517454,-1.4383895667726077,-0.6195020950837195,1.1789377559454957,-0.3908286301835435,0.7741311922946835,-0.8847979966207067,1.2195070823561107,0.8749618303320326,0.5835335809597181,1.3114349310167903,-0.7071067811865472
0,-1.5326798484516078,-1.4331868291029517,1.2274197200517454,0.5440403342959125,0.0223918113590242,-0.8199555381752046,0.5186697708977867,-2.1028638357855587,-0.8847979966207067,1.2195070823561107,0.8749618303320326,-0.2779280494294307,-0.7022759801291703,-0.7071067811865472
2,-0.7258356999009729,-0.7422603616360881,1.2274197200517454,1.2048503013187526,-0.4978929607388669,-0.8199555381752046,0.5186697708977867,0.7741311922946835,0.4504426164614511,0.3290165735388921,-0.2538749352258749,-0.756517844090069,-0.7022759801291703,-0.7071067811865472
77,0.887852597200297,-0.7422603616360881,-0.7130724087919661,0.5440403342959125,0.1694566901955591,0.0645688353711686,0.5186697708977867,-0.1848671503987305,0.4504426164614511,-1.451964444095545,2.00379859588994,0.1049437862990798,-0.7022759801291703,-0.7071067811865472
46,0.887852597200297,-0.7422603616360881,1.2274197200517454,2.5264702353644326,0.0677518861454405,1.576673239424265,0.5186697708977867,0.7741311922946835,-0.8847979966207067,-0.5614739352783265,0.8749618303320326,2.5936107185343986,-0.7022759801291703,-0.7071067811865472
100,0.081008448649662,0.6395925732976385,-0.7130724087919661,-0.1167696327269275,1.086423303958999,-0.8199555381752046,-1.3003270312648736,-1.1438654930921446,-0.8847979966207067,1.2195070823561107,0.8749618303320326,-0.756517844090069,-0.7022759801291703,-0.7071067811865472
127,0.887852597200297,0.6395925732976385,-0.7130724087919661,0.5440403342959125,0.8174880387353963,-0.8199555381752046,-1.3003270312648736,0.7741311922946835,-0.8847979966207067,1.2195070823561107,-0.2538749352258749,-0.756517844090069,-0.7022759801291703,1.4142135623730951
228,-0.7258356999009729,2.021445508231365,-2.6535645376356776,0.5440403342959125,1.1102640081713355,-0.8199555381752046,-0.3908286301835435,0.7741311922946835,-0.8847979966207067,-1.451964444095545,0.8749618303320326,0.7749694988239734,-0.7022759801291703,1.4142135623730951
178,0.887852597200297,-0.7422603616360881,-0.7130724087919661,-1.4383895667726077,-0.9187770662787368,-0.8199555381752046,-0.3908286301835435,-0.1848671503987305,1.785683229543609,-0.5614739352783265,-1.3827117007837824,-0.6607998851579413,1.3114349310167903,1.4142135623730951
90,0.887852597200297,-1.0877235953695197,-0.7130724087919661,-0.1167696327269275,-0.6306788892326237,-0.8199555381752046,1.4281681719791168,-2.1028638357855587,0.4504426164614511,1.2195070823561107,0.8749618303320326,-1.3308255976828347,-0.7022759801291703,-0.7071067811865472
85,0.887852597200297,0.6395925732976385,0.2571736556298896,-0.1167696327269275,1.2531661838877253,0.0645688353711686,-0.3908286301835435,-1.1438654930921446,0.4504426164614511,0.3290165735388921,-0.2538749352258749,0.1049437862990798,1.3114349310167903,-0.7071067811865472
247,-1.5326798484516078,-0.7422603616360881,-0.7130724087919661,0.5440403342959125,-1.7213773278897502,0.0645688353711686,0.5186697708977867,0.7741311922946835,1.785683229543609,-1.451964444095545,-0.2538749352258749,-1.3308255976828347,-0.7022759801291703,-0.7071067811865472
165,-0.7258356999009729,0.6395925732976385,1.2274197200517454,-1.4383895667726077,1.1418025040002002,0.0645688353711686,-1.3003270312648736,0.7741311922946835,-2.2200386097028644,-0.5614739352783265,0.8749618303320326,0.2963797041633351,-0.7022759801291703,1.4142135623730951
98,0.887852597200297,-0.3967971279026564,0.2571736556298896,-0.1167696327269275,-1.1429487155037703,1.1789377559454957,0.5186697708977867,-0.1848671503987305,-0.8847979966207067,-0.5614739352783265,-0.2538749352258749,-0.3736460083615583,1.3114349310167903,-0.7071067811865472
36,0.887852597200297,-0.3967971279026564,1.2274197200517454,-0.1167696327269275,-0.3911410957323866,1.576673239424265,1.4281681719791168,0.7741311922946835,0.4504426164614511,1.2195070823561107,-0.2538749352258749,2.7850466363986537,-0.7022759801291703,-0.7071067811865472
61,-0.7258356999009729,0.6395925732976385,-0.7130724087919661,0.5440403342959125,1.5850739411090349,1.576673239424265,1.4281681719791168,-1.1438654930921446,-0.8847979966207067,1.2195070823561107,0.8749618303320326,0.7749694988239734,-0.7022759801291703,1.4142135623730951
164,0.887852597200297,-1.4331868291029517,-0.7130724087919661,2.5264702353644326,-0.3718774148940966,-0.8199555381752046,-1.3003270312648736,-2.1028638357855587,-0.8847979966207067,-0.5614739352783265,2.00379859588994,2.1150209238737605,-0.7022759801291703,-0.7071067811865472
141,0.887852597200297,0.2941293395642068,1.2274197200517454,-0.1167696327269275,0.2781388288477339,-0.8199555381752046,-1.3003270312648736,0.7741311922946835,-0.8847979966207067,1.2195070823561107,-0.2538749352258749,-1.043671720886452,-0.7022759801291703,1.4142135623730951
11,0.887852597200297,-0.0513338941692248,-0.7130724087919661,-0.7775795997497675,0.915846095359044,1.576673239424265,-0.3908286301835435,-1.1438654930921446,0.4504426164614511,-1.451964444095545,-0.2538749352258749,-0.2779280494294307,-0.7022759801291703,1.4142135623730951
243,-1.5326798484516078,-0.0513338941692248,-0.7130724087919661,0.5440403342959125,-0.5912810430649771,-0.8199555381752046,-0.3908286301835435,0.7741311922946835,1.785683229543609,0.3290165735388921,-1.3827117007837824,-0.756517844090069,-0.7022759801291703,-0.7071067811865472
27,0.887852597200297,2.021445508231365,-0.7130724087919661,0.5440403342959125,0.2859886298208582,0.692148865877892,1.4281681719791168,0.7741311922946835,0.4504426164614511,1.2195070823561107,0.8749618303320326,0.4878156220275904,-0.7022759801291703,-0.7071067811865472
152,0.887852597200297,-0.0513338941692248,-0.7130724087919661,0.5440403342959125,0.0991714801649358,-0.8199555381752046,-1.3003270312648736,0.7741311922946835,0.4504426164614511,-1.451964444095545,-1.3827117007837824,-0.0864921315651754,-0.7022759801291703,-0.7071067811865472
4,0.887852597200297,-0.3967971279026564,-0.7130724087919661,-1.4383895667726077,0.9999061123713832,1.576673239424265,-0.3908286301835435,-0.1848671503987305,0.4504426164614511,-0.5614739352783265,2.00379859588994,-0.469363967293686,-0.7022759801291703,-0.7071067811865472
122,0.081008448649662,-0.9725691841250426,-0.7130724087919661,1.2048503013187526,-0.7441815380513191,-0.8199555381752046,-0.3908286301835435,-1.1438654930921446,0.4504426164614511,-0.5614739352783265,0.8749618303320326,0.2963797041633351,-0.7022759801291703,1.4142135623730951
32,0.887852597200297,0.6395925732976385,1.2274197200517454,-1.4383895667726077,0.0758658471751013,-0.8199555381752046,-0.3908286301835435,0.7741311922946835,-0.8847979966207067,1.2195070823561107,0.8749618303320326,0.2963797041633351,-0.7022759801291703,1.4142135623730951
143,0.887852597200297,-0.7422603616360881,-0.7130724087919661,-0.1167696327269275,-0.3340169076877858,-0.8199555381752046,-0.3908286301835435,0.7741311922946835,0.4504426164614511,-0.5614739352783265,-1.3827117007837824,1.5407131702809944,-0.7022759801291703,-0.7071067811865472
177,-0.7258356999009729,-0.7422603616360881,-0.7130724087919661,-1.4383895667726077,-1.0647647251676189,1.1789377559454957,-0.3908286301835435,0.7741311922946835,1.785683229543609,-1.451964444095545,-1.3827117007837824,-1.1393896798185796,-0.7022759801291703,-0.7071067811865472
138,0.887852597200297,-0.7422603616360881,1.2274197200517454,0.5440403342959125,-1.6202569870251595,-0.8199555381752046,1.4281681719791168,0.7741311922946835,0.4504426164614511,1.2195070823561107,-1.3827117007837824,1.7321490881452497,2.7401855599924745,-0.7071067811865472
62,0.887852597200297,2.021445508231365,-0.7130724087919661,0.5440403342959125,0.352260690694841,1.576673239424265,-0.3908286301835435,0.7741311922946835,-0.8847979966207067,1.2195070823561107,0.8749618303320326,-0.8522358030221966,-0.7022759801291703,-0.7071067811865472
135,0.887852597200297,-0.7422603616360881,-0.7130724087919661,0.5440403342959125,-1.4909507046926105,-0.8199555381752046,-0.3908286301835435,0.7741311922946835,1.785683229543609,-0.5614739352783265,-1.3827117007837824,-0.5650819262258137,-0.7022759801291703,-0.7071067811865472
128,0.887852597200297,-0.0513338941692248,-0.7130724087919661,0.5440403342959125,1.4191629100298315,-0.8199555381752046,-1.3003270312648736,-0.1848671503987305,0.4504426164614511,-0.5614739352783265,0.8749618303320326,-0.1822100904973031,-0.7022759801291703,1.4142135623730951
225,-1.5326798484516078,0.6395925732976385,-0.7130724087919661,0.5440403342959125,0.0064253077771474,-0.8199555381752046,-1.3003270312648736,0.7741311922946835,-2.2200386097028644,0.3290165735388921,-0.2538749352258749,-0.1822100904973031,-0.7022759801291703,-0.7071067811865472
242,-0.7258356999009729,-0.7422603616360881,-0.7130724087919661,0.5440403342959125,-0.6084010763928727,-0.8199555381752046,-1.3003270312648736,-1.1438654930921446,0.4504426164614511,-1.451964444095545,0.8749618303320326,-1.1393896798185796,-0.7022759801291703,-0.7071067811865472
70,0.887852597200297,-0.0513338941692248,1.2274197200517454,-1.4383895667726077,-0.9885931313794172,-0.8199555381752046,-1.3003270312648736,0.7741311922946835,-0.8847979966207067,-1.451964444095545,-0.2538749352258749,-0.3736460083615583,1.3114349310167903,-0.7071067811865472
221,-1.5326798484516078,-0.0513338941692248,-0.7130724087919661,0.5440403342959125,0.8221127227657098,-0.8199555381752046,-0.3908286301835435,-1.1438654930921446,-0.8847979966207067,-0.5614739352783265,-1.3827117007837824,-0.9479537619543242,-0.7022759801291703,-0.7071067811865472
64,0.887852597200297,-0.7422603616360881,1.2274197200517454,0.5440403342959125,-0.6583254920473406,-0.8199555381752046,-0.3908286301835435,0.7741311922946835,-0.8847979966207067,-0.5614739352783265,-0.2538749352258749,0.1049437862990798,1.3114349310167903,-0.7071067811865472
44,0.887852597200297,0.6395925732976385,1.2274197200517454,-0.1167696327269275,1.0986037617181497,1.1789377559454957,-0.3908286301835435,0.7741311922946835,0.4504426164614511,1.2195070823561107,-1.3827117007837824,0.5835335809597181,-0.7022759801291703,1.4142135623730951
218,-1.5326798484516078,-0.7422603616360881,-0.7130724087919661,-1.4383895667726077,-1.2485101161695435,1.576673239424265,-0.3908286301835435,0.7741311922946835,1.785683229543609,-0.5614739352783265,0.8749618303320326,-1.043671720886452,-0.7022759801291703,-0.7071067811865472
40,-0.7258356999009729,1.3305190407645018,-0.7130724087919661,0.5440403342959125,0.7166771790427935,1.576673239424265,1.4281681719791168,-1.1438654930921446,-0.8847979966207067,1.2195070823561107,0.8749618303320326,-0.8522358030221966,-0.7022759801291703,-0.7071067811865472
123,0.887852597200297,-0.3967971279026564,-0.7130724087919661,-0.7775795997497675,0.7373420071080007,-0.8199555381752046,0.5186697708977867,-1.1438654930921446,0.4504426164614511,-0.5614739352783265,0.8749618303320326,-0.0864921315651754,-0.7022759801291703,-0.7071067811865472
153,-1.5326798484516078,-0.7422603616360881,1.2274197200517454,-0.7775795997497675,-0.5152200429065568,-0.8199555381752046,1.4281681719791168,0.7741311922946835,0.4504426164614511,0.3290165735388921,-1.3827117007837824,1.923585006009505,-0.7022759801291703,-0.7071067811865472
23,0.887852597200297,0.6395925732976385,-0.7130724087919661,0.5440403342959125,0.2752749995472944,-0.8199555381752046,0.5186697708977867,0.7741311922946835,0.4504426164614511,-0.5614739352783265,0.8749618303320326,-0.5650819262258137,-0.7022759801291703,1.4142135623730951
186,0.887852597200297,0.6395925732976385,-0.7130724087919661,0.5440403342959125,1.029557461447457,0.0645688353711686,1.4281681719791168,-1.1438654930921446,0.4504426164614511,1.2195070823561107,0.8749618303320326,-0.2779280494294307,1.3114349310167903,-0.7071067811865472
182,0.887852597200297,-0.7422603616360881,1.2274197200517454,-0.1167696327269275,0.0038899875517166,-0.8199555381752046,1.4281681719791168,0.7741311922946835,0.4504426164614511,1.2195070823561107,-1.3827117007837824,0.8706874577561009,2.7401855599924745,1.4142135623730951
81,0.887852597200297,0.2941293395642068,-0.7130724087919661,-0.1167696327269275,0.2441682803336459,-0.8199555381752046,1.4281681719791168,0.7741311922946835,0.4504426164614511,-0.5614739352783265,-1.3827117007837824,1.5407131702809944,1.3114349310167903,-0.7071067811865472
39,-0.7258356999009729,-0.7422603616360881,1.2274197200517454,-1.4383895667726077,0.0538651988961128,0.0645688353711686,-1.3003270312648736,0.7741311922946835,0.4504426164614511,-1.451964444095545,0.8749618303320326,-0.6607998851579413,-0.7022759801291703,-0.7071067811865472
208,0.887852597200297,-0.0513338941692248,1.2274197200517454,0.5440403342959125,-0.848966394429993,1.1789377559454957,-0.3908286301835435,0.7741311922946835,0.4504426164614511,0.3290165735388921,-1.3827117007837824,1.1578413345524838,1.3114349310167903,-0.7071067811865472
47,-1.5326798484516078,-0.3967971279026564,-0.7130724087919661,-1.4383895667726077,1.1756419308031691,-0.8199555381752046,-0.3908286301835435,-0.1848671503987305,-0.8847979966207067,-0.5614739352783265,-0.2538749352258749,-0.469363967293686,-0.7022759801291703,1.4142135623730951
94,-1.5326798484516078,0.6395925732976385,-0.7130724087919661,0.5440403342959125,1.047093909564148,-0.8199555381752046,-0.3908286301835435,-1.1438654930921446,-0.8847979966207067,1.2195070823561107,0.8749618303320326,-0.5650819262258137,-0.7022759801291703,-0.7071067811865472
204,0.887852597200297,-0.3967971279026564,-0.7130724087919661,1.2048503013187526,-0.6954968931059329,0.692148865877892,0.5186697708977867,0.7741311922946835,0.4504426164614511,0.3290165735388921,-0.2538749352258749,0.2006617452312074,1.3114349310167903,1.4142135623730951
161,0.887852597200297,0.6395925732976385,1.2274197200517454,-0.1167696327269275,1.6061895137312625,-0.8199555381752046,1.4281681719791168,0.7741311922946835,0.4504426164614511,1.2195070823561107,0.8749618303320326,-0.0864921315651754,-0.7022759801291703,1.4142135623730951
43,-1.5326798484516078,-1.0877235953695197,-0.7130724087919661,-0.1167696327269275,0.1656301075118849,-0.8199555381752046,-0.3908286301835435,-0.1848671503987305,0.4504426164614511,-0.5614739352783265,-1.3827117007837824,-0.8522358030221966,-0.7022759801291703,-0.7071067811865472
145,-1.5326798484516078,0.1789749283197296,-0.7130724087919661,-0.1167696327269275,0.2228506164553504,1.576673239424265,0.5186697708977867,0.7741311922946835,0.4504426164614511,1.2195070823561107,0.8749618303320326,0.4878156220275904,-0.7022759801291703,1.4142135623730951
170,-0.7258356999009729,-0.7422603616360881,-0.7130724087919661,0.5440403342959125,0.682949485426612,-0.8199555381752046,0.5186697708977867,-1.1438654930921446,-0.8847979966207067,-1.451964444095545,-1.3827117007837824,-0.6607998851579413,-0.7022759801291703,-0.7071067811865472
3,-0.7258356999009729,-0.8574147728805653,0.2571736556298896,0.5440403342959125,1.4810510785629172,-0.8199555381752046,0.5186697708977867,-1.1438654930921446,0.4504426164614511,1.2195070823561107,-0.2538749352258749,1.6364311292131222,-0.7022759801291703,-0.7071067811865472
105,0.887852597200297,-0.0513338941692248,1.2274197200517454,0.5440403342959125,1.875266504406874,-0.8199555381752046,1.4281681719791168,-0.1848671503987305,0.4504426164614511,1.2195070823561107,0.8749618303320326,-0.0864921315651754,1.3114349310167903,1.4142135623730951
53,0.081008448649662,0.6395925732976385,-0.7130724087919661,-0.1167696327269275,-0.0045895445275805,-0.8199555381752046,-0.3908286301835435,-1.1438654930921446,0.4504426164614511,-0.5614739352783265,-1.3827117007837824,-0.756517844090069,-0.7022759801291703,-0.7071067811865472
133,0.887852597200297,0.6395925732976385,1.2274197200517454,-0.7775795997497675,1.8019051611330887,1.1789377559454957,-0.3908286301835435,0.7741311922946835,0.4504426164614511,-0.5614739352783265,-1.3827117007837824,-0.6607998851579413,1.3114349310167903,-0.7071067811865472
226,-1.5326798484516078,0.2941293395642068,-0.7130724087919661,0.5440403342959125,-0.0829487057555541,-0.8199555381752046,-0.3908286301835435,-0.1848671503987305,-0.8847979966207067,-0.5614739352783265,-1.3827117007837824,-0.8522358030221966,1.3114349310167903,1.4142135623730951
192,-1.5326798484516078,-0.7422603616360881,-0.7130724087919661,-0.1167696327269275,0.4728231128563313,-0.8199555381752046,-0.3908286301835435,-1.1438654930921446,-2.2200386097028644,-1.451964444095545,0.8749618303320326,0.7749694988239734,-0.7022759801291703,-0.7071067811865472
231,-0.7258356999009729,0.6395925732976385,-0.7130724087919661,-0.1167696327269275,1.2156700180651876,-0.8199555381752046,0.5186697708977867,-0.1848671503987305,-2.2200386097028644,0.3290165735388921,0.8749618303320326,0.8706874577561009,-0.7022759801291703,1.4142135623730951
49,-0.7258356999009729,0.2941293395642068,-0.7130724087919661,-0.1167696327269275,1.18265610248351,1.576673239424265,0.5186697708977867,-1.1438654930921446,0.4504426164614511,0.3290165735388921,0.8749618303320326,0.1049437862990798,-0.7022759801291703,1.4142135623730951
163,0.887852597200297,-1.4331868291029517,1.2274197200517454,-1.4383895667726077,0.1221500453109862,0.692148865877892,-0.3908286301835435,-2.1028638357855587,1.785683229543609,-0.5614739352783265,0.8749618303320326,-0.9479537619543242,-0.7022759801291703,-0.7071067811865472
80,-1.5326798484516078,0.6395925732976385,-0.7130724087919661,0.5440403342959125,-0.3041422660939233,-0.8199555381752046,1.4281681719791168,0.7741311922946835,-0.8847979966207067,1.2195070823561107,0.8749618303320326,2.0193029649416325,-0.7022759801291703,-0.7071067811865472
34,-0.7258356999009729,-0.0513338941692248,-0.7130724087919661,-1.4383895667726077,1.819300531575582,0.0645688353711686,-0.3908286301835435,-1.1438654930921446,0.4504426164614511,-0.5614739352783265,0.8749618303320326,-0.3736460083615583,1.3114349310167903,1.4142135623730951
205,-0.7258356999009729,1.3305190407645018,1.2274197200517454,-1.4383895667726077,0.1997516151606606,1.576673239424265,1.4281681719791168,0.7741311922946835,0.4504426164614511,1.2195070823561107,-1.3827117007837824,0.2006617452312074,1.3114349310167903,-0.7071067811865472
7,0.887852597200297,0.6395925732976385,-0.7130724087919661,0.5440403342959125,-0.5539976008145882,0.692148865877892,0.5186697708977867,0.7741311922946835,-0.8847979966207067,-1.451964444095545,0.8749618303320326,-0.5650819262258137,-0.7022759801291703,-0.7071067811865472
171,0.887852597200297,-0.0513338941692248,1.2274197200517454,0.5440403342959125,0.2419758310190855,-0.8199555381752046,-0.3908286301835435,-1.1438654930921446,-0.8847979966207067,-1.451964444095545,0.8749618303320326,-0.8522358030221966,1.3114349310167903,-0.7071067811865472
110,-1.5326798484516078,-0.7422603616360881,1.2274197200517454,-1.4383895667726077,0.1540964088361422,-0.8199555381752046,-0.3908286301835435,0.7741311922946835,0.4504426164614511,-0.5614739352783265,-0.2538749352258749,-0.3736460083615583,1.3114349310167903,-0.7071067811865472
91,0.887852597200297,0.409283750808684,-0.7130724087919661,0.5440403342959125,0.5339130343358857,0.692148865877892,1.4281681719791168,-0.1848671503987305,0.4504426164614511,1.2195070823561107,0.8749618303320326,0.5835335809597181,-0.7022759801291703,-0.7071067811865472
83,0.887852597200297,0.6395925732976385,-0.7130724087919661,-0.7775795997497675,0.9683005920834348,0.0645688353711686,0.5186697708977867,-0.1848671503987305,-0.8847979966207067,1.2195070823561107,0.8749618303320326,-1.043671720886452,-0.7022759801291703,-0.7071067811865472
222,0.887852597200297,-0.0513338941692248,0.2571736556298896,-0.1167696327269275,-0.1072068381091621,-0.8199555381752046,0.5186697708977867,0.7741311922946835,-0.8847979966207067,-1.451964444095545,-1.3827117007837824,-1.1393896798185796,-0.7022759801291703,-0.7071067811865472
227,-0.7258356999009729,-0.7422603616360881,-0.7130724087919661,1.8656602683415928,-1.8085595757034203,-0.8199555381752046,-0.3908286301835435,0.7741311922946835,0.4504426164614511,-0.5614739352783265,0.8749618303320326,-0.3736460083615583,-0.7022759801291703,-0.7071067811865472
89,0.081008448649662,-0.9725691841250426,-0.7130724087919661,-0.1167696327269275,-0.6787294194394524,-0.8199555381752046,-1.3003270312648736,0.7741311922946835,-0.8847979966207067,-0.5614739352783265,-0.2538749352258749,-1.043671720886452,-0.7022759801291703,-0.7071067811865472
8,-1.5326798484516078,-0.3967971279026564,-0.7130724087919661,-1.4383895667726077,-0.1879103860363292,-0.8199555381752046,-1.3003270312648736,-1.1438654930921446,0.4504426164614511,0.3290165735388921,-1.3827117007837824,0.2006617452312074,-0.7022759801291703,-0.7071067811865472
13,0.887852597200297,-0.0513338941692248,1.2274197200517454,-1.4383895667726077,-1.0310028283244248,-0.8199555381752046,-0.3908286301835435,0.7741311922946835,-0.8847979966207067,0.3290165735388921,-1.3827117007837824,0.2006617452312074,1.3114349310167903,-0.7071067811865472
59,-0.7258356999009729,-0.7422603616360881,-0.7130724087919661,-1.4383895667726077,-0.6244601427330886,1.1789377559454957,1.4281681719791168,0.7741311922946835,0.4504426164614511,1.2195070823561107,-1.3827117007837824,1.923585006009505,-0.7022759801291703,1.4142135623730951
237,-1.5326798484516078,-0.0513338941692248,-0.7130724087919661,-0.1167696327269275,-0.8747978606911408,-0.8199555381752046,-2.209825432346204,0.7741311922946835,-0.8847979966207067,-0.5614739352783265,0.8749618303320326,-0.0864921315651754,-0.7022759801291703,-0.7071067811865472
131,0.887852597200297,-0.7422603616360881,1.2274197200517454,0.5440403342959125,-1.1159116680160577,1.576673239424265,1.4281681719791168,0.7741311922946835,0.4504426164614511,1.2195070823561107,0.8749618303320326,0.1049437862990798,1.3114349310167903,-0.7071067811865472
17,0.887852597200297,-1.0877235953695197,1.2274197200517454,-1.4383895667726077,-0.745517640928491,-0.8199555381752046,-0.3908286301835435,-0.1848671503987305,0.4504426164614511,-1.451964444095545,-1.3827117007837824,-0.3736460083615583,1.3114349310167903,-0.7071067811865472
166,-0.7258356999009729,1.3305190407645018,-0.7130724087919661,-0.1167696327269275,1.122269045343261,-0.8199555381752046,-1.3003270312648736,-1.1438654930921446,1.785683229543609,-1.451964444095545,-0.2538749352258749,-1.1393896798185796,-0.7022759801291703,-0.7071067811865472
72,0.887852597200297,-0.7422603616360881,-0.7130724087919661,-1.4383895667726077,0.349523717245002,1.576673239424265,1.4281681719791168,0.7741311922946835,0.4504426164614511,0.3290165735388921,0.8749618303320326,1.5407131702809944,-0.7022759801291703,1.4142135623730951
219,-0.7258356999009729,-0.0513338941692248,-2.6535645376356776,-1.4383895667726077,0.2709698419791833,0.0645688353711686,-1.3003270312648736,-0.1848671503987305,-0.8847979966207067,0.3290165735388921,0.8749618303320326,-0.5650819262258137,1.3114349310167903,-0.7071067811865472
134,0.887852597200297,-0.0513338941692248,1.2274197200517454,0.5440403342959125,-0.8207347642815515,1.576673239424265,-0.3908286301835435,0.7741311922946835,0.4504426164614511,0.3290165735388921,-0.2538749352258749,-0.469363967293686,1.3114349310167903,1.4142135623730951
217,-0.7258356999009729,-0.0513338941692248,-0.7130724087919661,-1.4383895667726077,-1.0088755458442489,1.576673239424265,-0.3908286301835435,0.7741311922946835,-0.8847979966207067,-0.5614739352783265,-0.2538749352258749,-0.0864921315651754,-0.7022759801291703,-0.7071067811865472
229,0.081008448649662,2.021445508231365,-0.7130724087919661,0.5440403342959125,1.2762698184476842,-0.8199555381752046,-0.3908286301835435,0.7741311922946835,0.4504426164614511,-0.5614739352783265,0.8749618303320326,-0.756517844090069,-0.7022759801291703,-0.7071067811865472
63,-0.7258356999009729,-0.7422603616360881,-0.7130724087919661,0.5440403342959125,-0.836201889885661,0.692148865877892,-0.3908286301835435,-0.1848671503987305,-2.2200386097028644,-1.451964444095545,0.8749618303320326,-0.756517844090069,-0.7022759801291703,1.4142135623730951
54,0.887852597200297,-0.0513338941692248,-0.7130724087919661,-0.1167696327269275,0.4329631048375191,-0.8199555381752046,-0.3908286301835435,-0.1848671503987305,0.4504426164614511,1.2195070823561107,-1.3827117007837824,0.8706874577561009,-0.7022759801291703,1.4142135623730951
107,0.887852597200297,-0.0513338941692248,1.2274197200517454,0.5440403342959125,0.3590831755033405,-0.8199555381752046,-0.3908286301835435,-1.1438654930921446,-0.8847979966207067,-0.5614739352783265,0.8749618303320326,-0.756517844090069,1.3114349310167903,-0.7071067811865472
50,0.887852597200297,-1.0877235953695197,1.2274197200517454,2.5264702353644326,-1.184360254291411,0.692148865877892,1.4281681719791168,0.7741311922946835,0.4504426164614511,-0.5614739352783265,0.8749618303320326,1.7321490881452497,1.3114349310167903,1.4142135623730951
206,0.887852597200297,2.021445508231365,-2.6535645376356776,1.8656602683415928,0.4955300189193736,-0.8199555381752046,-0.3908286301835435,0.7741311922946835,0.4504426164614511,-0.5614739352783265,0.8749618303320326,-0.6607998851579413,1.3114349310167903,-0.7071067811865472
174,-0.7258356999009729,-0.0513338941692248,1.2274197200517454,-0.1167696327269275,-0.653263991926915,-0.8199555381752046,-1.3003270312648736,0.7741311922946835,-0.8847979966207067,-1.451964444095545,-0.2538749352258749,-0.6607998851579413,1.3114349310167903,-0.7071067811865472
209,-1.5326798484516078,0.6395925732976385,-0.7130724087919661,-0.1167696327269275,0.7194111819907646,1.576673239424265,-0.3908286301835435,-1.1438654930921446,1.785683229543609,1.2195070823561107,0.8749618303320326,-1.3308255976828347,-0.7022759801291703,-0.7071067811865472
189,-1.5326798484516078,2.021445508231365,-0.7130724087919661,-0.1167696327269275,1.6153821476080423,-0.8199555381752046,0.5186697708977867,0.7741311922946835,0.4504426164614511,-0.5614739352783265,-0.2538749352258749,-0.469363967293686,-0.7022759801291703,-0.7071067811865472
245,-0.7258356999009729,-0.7422603616360881,-0.7130724087919661,-0.1167696327269275,0.5862996597742863,1.576673239424265,1.4281681719791168,-2.1028638357855587,-0.8847979966207067,-0.5614739352783265,-0.2538749352258749,-0.8522358030221966,-0.7022759801291703,1.4142135623730951
207,0.887852597200297,-1.4331868291029517,-0.7130724087919661,1.2048503013187526,-0.5998186846768032,0.692148865877892,-0.3908286301835435,-2.1028638357855587,-2.2200386097028644,1.2195070823561107,-1.3827117007837824,2.689328677466526,-0.7022759801291703,-0.7071067811865472
220,0.887852597200297,-0.0513338941692248,-0.7130724087919661,1.8656602683415928,0.0106421372649036,-0.8199555381752046,-1.3003270312648736,0.7741311922946835,-0.8847979966207067,1.2195070823561107,-1.3827117007837824,-1.043671720886452,-0.7022759801291703,-0.7071067811865472
169,0.887852597200297,-1.4331868291029517,-0.7130724087919661,0.5440403342959125,-2.1516988888648267,-0.8199555381752046,-0.3908286301835435,-0.1848671503987305,-0.8847979966207067,-1.451964444095545,-1.3827117007837824,-0.469363967293686,-0.7022759801291703,-0.7071067811865472
58,0.887852597200297,-1.4331868291029517,-0.7130724087919661,-0.1167696327269275,-0.3665663690923036,1.1789377559454957,-0.3908286301835435,0.7741311922946835,-2.2200386097028644,-0.5614739352783265,-1.3827117007837824,-0.0864921315651754,-0.7022759801291703,-0.7071067811865472
48,0.887852597200297,-0.7422603616360881,-0.7130724087919661,-0.1167696327269275,-1.5185777349168827,-0.8199555381752046,-0.3908286301835435,0.7741311922946835,-0.8847979966207067,-1.451964444095545,-1.3827117007837824,-0.756517844090069,-0.7022759801291703,1.4142135623730951
88,0.887852597200297,2.021445508231365,-0.7130724087919661,0.5440403342959125,1.0177612775345055,-0.8199555381752046,1.4281681719791168,0.7741311922946835,0.4504426164614511,-0.5614739352783265,0.8749618303320326,-0.5650819262258137,-0.7022759801291703,-0.7071067811865472
21,0.887852597200297,-1.4331868291029517,1.2274197200517454,0.5440403342959125,-0.7282327692464834,0.0645688353711686,-0.3908286301835435,-2.1028638357855587,-0.8847979966207067,-1.451964444095545,-0.2538749352258749,-0.6607998851579413,1.3114349310167903,-0.7071067811865472
57,0.887852597200297,-0.9725691841250426,-0.7130724087919661,-1.4383895667726077,-0.5683293683304381,-0.8199555381752046,-0.3908286301835435,-1.1438654930921446,-0.8847979966207067,1.2195070823561107,0.8749618303320326,2.8807645953307817,-0.7022759801291703,1.4142135623730951
203,-0.7258356999009729,2.021445508231365,1.2274197200517454,-0.7775795997497675,1.8007765076435471,-0.8199555381752046,-0.3908286301835435,-0.1848671503987305,0.4504426164614511,1.2195070823561107,0.8749618303320326,0.0092258273669521,1.3114349310167903,1.4142135623730951
160,0.887852597200297,-0.7422603616360881,1.2274197200517454,0.5440403342959125,-0.7242697322530816,1.576673239424265,1.4281681719791168,0.7741311922946835,-0.8847979966207067,-0.5614739352783265,-1.3827117007837824,0.3920976630954627,1.3114349310167903,1.4142135623730951
241,0.081008448649662,-0.7422603616360881,1.2274197200517454,-1.4383895667726077,-1.1791261720983754,0.692148865877892,0.5186697708977867,0.7741311922946835,1.785683229543609,-0.5614739352783265,-1.3827117007837824,-0.5650819262258137,2.7401855599924745,1.4142135623730951
187,-1.5326798484516078,-0.7422603616360881,-0.7130724087919661,1.2048503013187526,-1.5664200063897895,0.0645688353711686,-2.209825432346204,0.7741311922946835,-0.8847979966207067,0.3290165735388921,-0.2538749352258749,-1.1393896798185796,-0.7022759801291703,-0.7071067811865472
191,-1.5326798484516078,-1.4331868291029517,1.2274197200517454,-1.4383895667726077,-1.8871695824294128,-0.8199555381752046,0.5186697708977867,0.7741311922946835,-0.8847979966207067,0.3290165735388921,-0.2538749352258749,0.2963797041633351,1.3114349310167903,-0.7071067811865472
129,0.887852597200297,-0.3967971279026564,-0.7130724087919661,-0.7775795997497675,1.4414599845153702,-0.8199555381752046,-0.3908286301835435,-0.1848671503987305,0.4504426164614511,-0.5614739352783265,0.8749618303320326,-0.3736460083615583,-0.7022759801291703,1.4142135623730951
37,0.887852597200297,0.6395925732976385,1.2274197200517454,-0.7775795997497675,0.3191111353342391,-0.8199555381752046,0.5186697708977867,0.7741311922946835,0.4504426164614511,0.3290165735388921,0.8749618303320326,0.1049437862990798,1.3114349310167903,1.4142135623730951
157,0.887852597200297,0.6395925732976385,-0.7130724087919661,-1.4383895667726077,-0.7124378494836708,-0.8199555381752046,-1.3003270312648736,0.7741311922946835,1.785683229543609,-0.5614739352783265,-1.3827117007837824,-0.5650819262258137,-0.7022759801291703,-0.7071067811865472
234,-1.5326798484516078,0.6395925732976385,-0.7130724087919661,-1.4383895667726077,0.7873670335793973,-0.8199555381752046,-1.3003270312648736,0.7741311922946835,-0.8847979966207067,-1.451964444095545,-0.2538749352258749,-0.6607998851579413,-0.7022759801291703,-0.7071067811865472
1,-0.7258356999009729,2.021445508231365,1.2274197200517454,0.5440403342959125,0.3128201795204893,-0.8199555381752046,1.4281681719791168,0.7741311922946835,0.4504426164614511,1.2195070823561107,-1.3827117007837824,0.2006617452312074,-0.7022759801291703,-0.7071067811865472
52,0.887852597200297,-1.4331868291029517,-0.7130724087919661,-0.1167696327269275,0.7095473329735211,0.692148865877892,-0.3908286301835435,-2.1028638357855587,0.4504426164614511,-0.5614739352783265,0.8749618303320326,-0.1822100904973031,-0.7022759801291703,1.4142135623730951
149,0.081008448649662,2.021445508231365,-0.7130724087919661,0.5440403342959125,1.375467589770304,-0.8199555381752046,1.4281681719791168,0.7741311922946835,0.4504426164614511,-0.5614739352783265,0.8749618303320326,-0.2779280494294307,-0.7022759801291703,-0.7071067811865472
130,0.887852597200297,-0.6271059503916109,-0.7130724087919661,0.5440403342959125,-0.5152200429065568,0.0645688353711686,-2.209825432346204,-1.1438654930921446,-0.8847979966207067,1.2195070823561107,-1.3827117007837824,2.8807645953307817,-0.7022759801291703,-0.7071067811865472
151,0.887852597200297,-0.7422603616360881,1.2274197200517454,-0.1167696327269275,-0.3154099576254188,1.1789377559454957,0.5186697708977867,-0.1848671503987305,-0.8847979966207067,-0.5614739352783265,-0.2538749352258749,0.1049437862990798,-0.7022759801291703,-0.7071067811865472
103,0.887852597200297,-0.3967971279026564,1.2274197200517454,0.5440403342959125,-0.5731346365924751,-0.8199555381752046,-0.3908286301835435,0.7741311922946835,0.4504426164614511,-0.5614739352783265,-0.2538749352258749,-0.2779280494294307,1.3114349310167903,-0.7071067811865472
99,0.887852597200297,-0.0513338941692248,0.2571736556298896,0.5440403342959125,0.3008709108860484,-0.8199555381752046,-2.209825432346204,-1.1438654930921446,1.785683229543609,0.3290165735388921,-1.3827117007837824,0.0092258273669521,1.3114349310167903,-0.7071067811865472
116,-1.5326798484516078,-1.4331868291029517,-0.7130724087919661,1.2048503013187526,-2.8250971836839853,-0.8199555381752046,-1.3003270312648736,0.7741311922946835,-0.8847979966207067,-1.451964444095545,-1.3827117007837824,-0.6607998851579413,-0.7022759801291703,-0.7071067811865472
87,0.887852597200297,-0.7422603616360881,-0.7130724087919661,0.5440403342959125,-1.4329838022778287,-0.8199555381752046,1.4281681719791168,0.7741311922946835,0.4504426164614511,1.2195070823561107,0.8749618303320326,0.3920976630954627,-0.7022759801291703,-0.7071067811865472
202,0.887852597200297,0.6395925732976385,-0.7130724087919661,0.5440403342959125,-0.5105815299316536,-0.8199555381752046,-0.3908286301835435,0.7741311922946835,1.785683229543609,-0.5614739352783265,-0.2538749352258749,-0.5650819262258137,-0.7022759801291703,-0.7071067811865472
74,0.887852597200297,0.6395925732976385,-0.7130724087919661,-1.4383895667726077,0.2543610726043764,1.576673239424265,-1.3003270312648736,0.7741311922946835,0.4504426164614511,-1.451964444095545,-0.2538749352258749,1.923585006009505,-0.7022759801291703,-0.7071067811865472
214,-0.7258356999009729,-0.0513338941692248,1.2274197200517454,0.5440403342959125,-0.7176859116209962,-0.8199555381752046,-0.3908286301835435,0.7741311922946835,1.785683229543609,-0.5614739352783265,0.8749618303320326,-0.0864921315651754,-0.7022759801291703,-0.7071067811865472
210,-0.7258356999009729,2.021445508231365,1.2274197200517454,-1.4383895667726077,0.6203155145838858,-0.8199555381752046,-1.3003270312648736,0.7741311922946835,-2.2200386097028644,1.2195070823561107,0.8749618303320326,-0.6607998851579413,1.3114349310167903,-0.7071067811865472
121,-0.7258356999009729,-1.0877235953695197,-0.7130724087919661,-0.1167696327269275,-1.2161210472117872,-0.8199555381752046,-0.3908286301835435,0.7741311922946835,-0.8847979966207067,-1.451964444095545,-0.2538749352258749,-0.3736460083615583,-0.7022759801291703,-0.7071067811865472
248,-1.5326798484516078,1.3305190407645018,-0.7130724087919661,-0.1167696327269275,1.9490948712090432,1.576673239424265,1.4281681719791168,0.7741311922946835,0.4504426164614511,1.2195070823561107,-0.2538749352258749,-0.2779280494294307,-0.7022759801291703,-0.7071067811865472
20,0.887852597200297,-0.7422603616360881,1.2274197200517454,-1.4383895667726077,-0.8291532608986307,0.692148865877892,-0.3908286301835435,0.7741311922946835,0.4504426164614511,1.2195070823561107,-1.3827117007837824,0.9664054166882284,-0.7022759801291703,1.4142135623730951
188,-1.5326798484516078,-0.7422603616360881,-0.7130724087919661,-0.1167696327269275,-0.2499256177580482,-0.8199555381752046,-0.3908286301835435,-1.1438654930921446,0.4504426164614511,-0.5614739352783265,-1.3827117007837824,-0.6607998851579413,-0.7022759801291703,-0.7071067811865472
71,0.887852597200297,1.3305190407645018,1.2274197200517454,0.5440403342959125,0.6266878324926463,-0.8199555381752046,-0.3908286301835435,0.7741311922946835,-0.8847979966207067,-0.5614739352783265,0.8749618303320326,-0.0864921315651754,-0.7022759801291703,1.4142135623730951
106,0.887852597200297,0.6395925732976385,1.2274197200517454,2.5264702353644326,-0.0028901214532662,1.576673239424265,-0.3908286301835435,-0.1848671503987305,-0.8847979966207067,-0.5614739352783265,0.8749618303320326,-0.0864921315651754,1.3114349310167903,1.4142135623730951
14,0.887852597200297,-0.0513338941692248,1.2274197200517454,2.5264702353644326,-0.0572878587258025,0.0645688353711686,-0.3908286301835435,0.7741311922946835,-0.8847979966207067,-0.5614739352783265,-1.3827117007837824,-0.3736460083615583,1.3114349310167903,-0.7071067811865472
92,0.887852597200297,2.021445508231365,-0.7130724087919661,-1.4383895667726077,-1.2322354975222567,0.692148865877892,1.4281681719791168,0.7741311922946835,0.4504426164614511,1.2195070823561107,-0.2538749352258749,0.2006617452312074,-0.7022759801291703,-0.7071067811865472
179,-0.7258356999009729,-0.8574147728805653,-0.7130724087919661,-0.1167696327269275,-0.3309010285646043,1.1789377559454957,-1.3003270312648736,0.7741311922946835,-0.8847979966207067,-1.451964444095545,-1.3827117007837824,-1.3308255976828347,-0.7022759801291703,-0.7071067811865472
102,0.081008448649662,-0.7422603616360881,-0.7130724087919661,0.5440403342959125,0.7303017707594978,-0.8199555381752046,-0.3908286301835435,-0.1848671503987305,1.785683229543609,-1.451964444095545,0.8749618303320326,-0.9479537619543242,-0.7022759801291703,-0.7071067811865472
